date,venue,race,race_id,start_time,model,model_label,model_desc,run_id,horse,jockey,trainer,tab_number,barrier,tr_rank,early_rank,mid_rank,late_rank,total_rank,wpr_rank,weight_trend,wins_at_dist,fixed_win_price,starting_price_sp,price_top,finish_position,won,placed,resulted,pf_ai_rank,pf_ai_price,pf_ai_score,pf_class_rank,pf_last600_rank,pf_last400_rank,pf_last200_rank,pf_run_style,pf_class_change
2026-05-01,Mt Garnet,1,1357991,2026-05-01T03:30:00+00:00,main,Main,Midâ‰¤2 + Lateâ‰¤2 + Totalâ‰¤3 + WPRâ‰¤4 (gate min $3 at bet placement),14101416,Stellar Legend,Adam Sewell,Lachie Manzelmann,6,9,,5.0,1.0,2.0,1.0,2.0,-0.6,0.0,,8.0,8.0,2.0,0.0,1.0,1,,,,,,,,,
2026-05-02,Boorowa,4,1357995,2026-05-02T05:40:00+00:00,main,Main,Midâ‰¤2 + Lateâ‰¤2 + Totalâ‰¤3 + WPRâ‰¤4 (gate min $3 at bet placement),14101450,Lucky Monkey,P Zerafa,K Outtrim,5,4,,1.0,1.0,1.0,1.0,2.0,-2.8,0.0,,1.75,1.75,3.0,0.0,1.0,1,,,,,,,,,
2026-05-02,Boorowa,1,1357996,2026-05-02T03:40:00+00:00,main,Main,Midâ‰¤2 + Lateâ‰¤2 + Totalâ‰¤3 + WPRâ‰¤4 (gate min $3 at bet placement),14101454,Sweet And Sour,Emily Waters,T J McIlrick,5,3,,5.0,2.0,2.0,3.0,3.0,4.4,1.0,,7.0,7.0,4.0,0.0,0.0,1,,,,,,,,,
2026-05-02,Boorowa,2,1357997,2026-05-02T04:15:00+00:00,main,Main,Midâ‰¤2 + Lateâ‰¤2 + Totalâ‰¤3 + WPRâ‰¤4 (gate min $3 at bet placement),14101458,Must Be Magic,Dylan Parrott,Warren Ganderton,4,6,,3.0,2.0,2.0,1.0,3.0,4.0,1.0,,3.5,3.5,5.0,0.0,0.0,1,,,,,,,,,
2026-05-02,Boorowa,3,1357998,2026-05-02T05:05:00+00:00,main,Main,Midâ‰¤2 + Lateâ‰¤2 + Totalâ‰¤3 + WPRâ‰¤4 (gate min $3 at bet placement),14101468,Straight Fire,P Zerafa,Todd Smart,4,2,,4.0,1.0,1.0,1.0,3.0,0.4,1.0,,2.6,2.6,5.0,0.0,0.0,1,,,,,,,,,
2026-05-02,Binnaway,3,1358072,2026-05-02T04:25:00+00:00,main,Main,Midâ‰¤2 + Lateâ‰¤2 + Totalâ‰¤3 + WPRâ‰¤4 (gate min $3 at bet placement),14102480,Smart 'n' Ritzy,Jordan Quince,G R Brooker,6,7,,7.0,1.0,1.0,3.0,4.0,-1.4,0.0,,15.0,15.0,7.0,0.0,0.0,1,,,,,,,,,
2026-05-02,Mt Garnet,2,1358384,2026-05-02T03:45:00+00:00,main,Main,Midâ‰¤2 + Lateâ‰¤2 + Totalâ‰¤3 + WPRâ‰¤4 (gate min $3 at bet placement),14113839,Silverturn,I Fry,Nicole Homann,5,5,,6.0,2.0,1.0,1.0,2.0,0.8,0.0,,2.9,2.9,2.0,0.0,1.0,1,,,,,,,,,
2026-05-02,Gregory Downs,2,1358409,2026-05-02T03:55:00+00:00,main,Main,Midâ‰¤2 + Lateâ‰¤2 + Totalâ‰¤3 + WPRâ‰¤4 (gate min $3 at bet placement),14114275,Viking Valour,F Edwards,D R Ballard,3,1,,3.0,2.0,1.0,1.0,1.0,-1.5,3.0,,2.8,2.8,6.0,0.0,0.0,1,,,,,,,,,
2026-05-02,Gregory Downs,4,1358412,2026-05-02T05:25:00+00:00,main,Main,Midâ‰¤2 + Lateâ‰¤2 + Totalâ‰¤3 + WPRâ‰¤4 (gate min $3 at bet placement),14114316,Threefold,C Whiteley,Tanya Parry,8,11,,5.0,2.0,1.0,1.0,3.0,1.6,0.0,,5.0,5.0,1.0,1.0,1.0,1,,,,,,,,,
2026-05-02,Gregory Downs,5,1358413,2026-05-02T06:15:00+00:00,main,Main,Midâ‰¤2 + Lateâ‰¤2 + Totalâ‰¤3 + WPRâ‰¤4 (gate min $3 at bet placement),14114324,Yalla,T Banks,Tanya Parry,6,7,,2.0,2.0,2.0,1.0,4.0,3.8,2.0,,6.0,6.0,6.0,0.0,0.0,1,,,,,,,,,
2026-05-02,Gregory Downs,1,1358414,2026-05-02T03:15:00+00:00,main,Main,Midâ‰¤2 + Lateâ‰¤2 + Totalâ‰¤3 + WPRâ‰¤4 (gate min $3 at bet placement),14114337,Pronto Percy,C Whiteley,Tanya Parry,9,3,,4.0,2.0,2.0,1.0,1.0,0.0,0.0,,3.4,3.4,5.0,0.0,0.0,1,,,,,,,,,
2026-05-02,Yeppoon,3,1358426,2026-05-02T05:05:00+00:00,main,Main,Midâ‰¤2 + Lateâ‰¤2 + Totalâ‰¤3 + WPRâ‰¤4 (gate min $3 at bet placement),14118148,Rockabilly,Amie Meissner,G Bell,2,5,,2.0,2.0,2.0,3.0,1.0,0.1,0.0,,2.9,2.9,4.0,0.0,0.0,1,,,,,,,,,
2026-05-02,Jandowae,2,1358442,2026-05-02T03:55:00+00:00,main,Main,Midâ‰¤2 + Lateâ‰¤2 + Totalâ‰¤3 + WPRâ‰¤4 (gate min $3 at bet placement),14115280,Jain,Shakira Bailey,Kristen Wenck,5,5,,9.0,1.0,2.0,2.0,1.0,2.5,0.0,,4.0,4.0,6.0,0.0,0.0,1,,,,,,,,,
2026-05-02,Jandowae,5,1358446,2026-05-02T06:05:00+00:00,main,Main,Midâ‰¤2 + Lateâ‰¤2 + Totalâ‰¤3 + WPRâ‰¤4 (gate min $3 at bet placement),14115345,Aces Up,Emma Simsir,Kym Afford,5,9,,4.0,2.0,1.0,3.0,4.0,2.6,2.0,,13.0,13.0,1.0,1.0,1.0,1,,,,,,,,,
2026-05-09,Leeton,4,1358919,2026-05-09T05:15:00+00:00,main,Main,Midâ‰¤2 + Lateâ‰¤2 + Totalâ‰¤3 + WPRâ‰¤4 (gate min $3 at bet placement),14123853,Kulina,Emma Ly,D P Dwyer,14,4,,9.0,2.0,1.0,1.0,1.0,3.2,1.0,,9.0,9.0,1.0,1.0,1.0,1,,,,,,,,,
2026-05-09,Leeton,2,1358923,2026-05-09T03:45:00+00:00,main,Main,Midâ‰¤2 + Lateâ‰¤2 + Totalâ‰¤3 + WPRâ‰¤4 (gate min $3 at bet placement),14123932,Harry Devil,J Keating,Saab Hasan,1,6,,9.0,1.0,1.0,2.0,2.0,0.5,0.0,,3.8,3.8,1.0,1.0,1.0,1,,,,,,,,,
2026-05-09,Quambone,5,1358926,2026-05-09T05:45:00+00:00,main,Main,Midâ‰¤2 + Lateâ‰¤2 + Totalâ‰¤3 + WPRâ‰¤4 (gate min $3 at bet placement),14123963,I'm Scarlett,Amber Collins,Connie Greig,2,6,,4.0,1.0,2.0,1.0,1.0,11.9,2.0,,2.8,2.8,1.0,1.0,1.0,1,,,,,,,,,
2026-05-09,Quambone,3,1358928,2026-05-09T04:25:00+00:00,main,Main,Midâ‰¤2 + Lateâ‰¤2 + Totalâ‰¤3 + WPRâ‰¤4 (gate min $3 at bet placement),14123986,Trifecta Ruby,Leandro Ribeiro,Connie Greig,3,3,,4.0,1.0,2.0,1.0,2.0,-4.0,1.0,,3.2,3.2,4.0,0.0,0.0,1,,,,,,,,,
2026-05-09,Quambone,1,1358929,2026-05-09T03:15:00+00:00,main,Main,Midâ‰¤2 + Lateâ‰¤2 + Totalâ‰¤3 + WPRâ‰¤4 (gate min $3 at bet placement),14123992,Adelina Falls,Zara Lewis,G A O'Brien,6,5,,2.0,1.0,2.0,2.0,2.0,-3.1,0.0,,3.6,3.6,5.0,0.0,0.0,1,,,,,,,,,
2026-05-09,Gordonvale,2,1359087,2026-05-09T03:55:00+00:00,main,Main,Midâ‰¤2 + Lateâ‰¤2 + Totalâ‰¤3 + WPRâ‰¤4 (gate min $3 at bet placement),14126992,Betta Al,N Thomas,A R Bailey,7,3,,6.0,1.0,2.0,2.0,2.0,-2.6,0.0,,16.0,16.0,3.0,0.0,1.0,1,,,,,,,,,
2026-05-09,Gordonvale,4,1359089,2026-05-09T05:25:00+00:00,main,Main,Midâ‰¤2 + Lateâ‰¤2 + Totalâ‰¤3 + WPRâ‰¤4 (gate min $3 at bet placement),14127010,Red Hot Lizzie,Rachel Shred,Lachie Manzelmann,7,5,,5.0,2.0,2.0,2.0,1.0,2.6,2.0,,6.0,6.0,4.0,0.0,0.0,1,,,,,,,,,
2026-05-09,Burrandowan,5,1359093,2026-05-09T06:35:00+00:00,main,Main,Midâ‰¤2 + Lateâ‰¤2 + Totalâ‰¤3 + WPRâ‰¤4 (gate min $3 at bet placement),14127037,Flying Rothe,Reece O'Connell,Vic Heading,7,2,,8.0,1.0,2.0,3.0,3.0,-0.9,2.0,,7.0,7.0,1.0,1.0,1.0,1,,,,,,,,,
2026-05-09,Burrandowan,2,1359095,2026-05-09T04:15:00+00:00,main,Main,Midâ‰¤2 + Lateâ‰¤2 + Totalâ‰¤3 + WPRâ‰¤4 (gate min $3 at bet placement),14127061,Jain,K Gates,Kristen Wenck,4,5,,9.0,1.0,1.0,1.0,3.0,1.6,0.0,,6.0,6.0,6.0,0.0,0.0,1,,,,,,,,,
2026-05-09,Cloncurry,1,1359104,2026-05-09T03:25:00+00:00,main,Main,Midâ‰¤2 + Lateâ‰¤2 + Totalâ‰¤3 + WPRâ‰¤4 (gate min $3 at bet placement),14127158,Whiskey Dry,R Faehr,Tanya Parry,3,3,,1.0,2.0,2.0,2.0,4.0,1.2,0.0,,3.6,3.6,2.0,0.0,1.0,1,,,,,,,,,
2026-05-09,Cloncurry,4,1359106,2026-05-09T05:30:00+00:00,main,Main,Midâ‰¤2 + Lateâ‰¤2 + Totalâ‰¤3 + WPRâ‰¤4 (gate min $3 at bet placement),14127174,Pennypacker,Mitch Goring,S Royes,3,5,,4.0,2.0,1.0,1.0,3.0,4.0,3.0,,3.2,3.2,1.0,1.0,1.0,1,,,,,,,,,
2026-05-09,Quilpie,4,1359110,2026-05-09T04:40:00+00:00,main,Main,Midâ‰¤2 + Lateâ‰¤2 + Totalâ‰¤3 + WPRâ‰¤4 (gate min $3 at bet placement),14127216,Final Mission,M Gray,David Rewald,5,4,,5.0,1.0,2.0,2.0,4.0,2.5,3.0,,4.4,4.4,2.0,0.0,1.0,1,,,,,,,,,
2026-05-10,Longreach,1,1359118,2026-05-10T02:45:00+00:00,main,Main,Midâ‰¤2 + Lateâ‰¤2 + Totalâ‰¤3 + WPRâ‰¤4 (gate min $3 at bet placement),14127287,Ya Love Her,R Faehr,Richard Simpson,4,4,,8.0,1.0,1.0,1.0,3.0,3.1,0.0,,,,,,,0,,,,,,,,,
2026-05-10,Longreach,5,1359120,2026-05-10T05:05:00+00:00,main,Main,Midâ‰¤2 + Lateâ‰¤2 + Totalâ‰¤3 + WPRâ‰¤4 (gate min $3 at bet placement),14127307,Spec Of Silver,M Heagney,P W O'Toole,2,3,,2.0,2.0,2.0,1.0,1.0,3.2,0.0,,,,,,,0,,,,,,,,,
2026-05-10,Longreach,3,1359122,2026-05-10T03:55:00+00:00,main,Main,Midâ‰¤2 + Lateâ‰¤2 + Totalâ‰¤3 + WPRâ‰¤4 (gate min $3 at bet placement),14127323,Monday Choice,Jaimee-Lee Devine,Reece Zahl,6,5,,7.0,1.0,1.0,1.0,4.0,-2.2,2.0,,,,,,,0,,,,,,,,,
2026-05-09,Gladstone,4,1359384,2026-05-09T05:19:00+00:00,main,Main,Midâ‰¤2 + Lateâ‰¤2 + Totalâ‰¤3 + WPRâ‰¤4 (gate min $3 at bet placement),14133748,Phil Up,Raul Silvera Olivera,Darcy Short,1,5,,4.0,2.0,2.0,2.0,1.0,3.1,1.0,,2.6,2.6,1.0,1.0,1.0,1,,,,,,,,,
2026-05-09,Gladstone,5,1359385,2026-05-09T05:57:00+00:00,main,Main,Midâ‰¤2 + Lateâ‰¤2 + Totalâ‰¤3 + WPRâ‰¤4 (gate min $3 at bet placement),14133750,So Outrageous,Jaimee-Lee Devine,R B Williams,2,1,,2.0,2.0,1.0,2.0,2.0,0.0,0.0,,2.8,2.8,1.0,1.0,1.0,1,,,,,,,,,
2026-05-09,Gladstone,5,1359385,2026-05-09T05:57:00+00:00,main,Main,Midâ‰¤2 + Lateâ‰¤2 + Totalâ‰¤3 + WPRâ‰¤4 (gate min $3 at bet placement),14133749,Masali Raffa,Amie Meissner,Julieann Lancaster,3,4,,1.0,1.0,2.0,1.0,1.0,3.0,0.0,,3.4,3.4,4.0,0.0,0.0,1,,,,,,,,,
2026-05-09,Gladstone,2,1359386,2026-05-09T04:05:00+00:00,main,Main,Midâ‰¤2 + Lateâ‰¤2 + Totalâ‰¤3 + WPRâ‰¤4 (gate min $3 at bet placement),14133761,Tiger Jim,Tom Orr,Kevin Miller,1,1,,6.0,2.0,2.0,2.0,2.0,-2.8,0.0,,4.6,4.6,4.0,0.0,0.0,1,,,,,,,,,
2026-05-09,Port Hedland,1,1359215,2026-05-09T05:47:00+00:00,main,Main,TRâ‰¤5 + Midâ‰¤2 + Lateâ‰¤2 + Totalâ‰¤3 + WPRâ‰¤4 (gate min $3 at bet placement),14129226,My Tea,Elisha Whittington,Brett Pope,1,12,2.0,7.0,1.0,1.0,1.0,3.0,0.0,0.0,4.2,,,,,,0,,,,,,,,,
2026-05-10,Bowen,2,1359114,2026-05-10T04:35:00+00:00,tr1_min4,TR1 Min$4 (ref),TR1 (gate min $4 at bet placement),14127258,Silent Angel,,Trevor Williams,7,1,1.0,1.0,7.0,5.0,2.0,1.0,3.1,0.0,2.6,,,,,,0,,,,,,,,,
2026-05-01,Bordertown,6,1358114,2026-05-01T05:30:00+00:00,tr1_min4,TR1 Min$4 (ref),TR1 (gate min $4 at bet placement),14103710,See Ya Later Baby,Campbell Rawiller,Travis Doudle,9,12,1.0,8.0,6.0,7.0,8.0,6.0,-0.2,1.0,3.9,3.9,4.0,1.0,1.0,1.0,1,,,,,,,,,
2026-05-01,Bordertown,8,1358115,2026-05-01T06:50:00+00:00,tr1_min4,TR1 Min$4 (ref),TR1 (gate min $4 at bet placement),14103721,Supreme Thunder,Jackson Murphy,Jamie Opperman,3,3,1.0,8.0,6.0,1.0,1.0,2.0,0.2,0.0,5.0,5.0,6.0,4.0,0.0,0.0,1,,,,,,,,,
2026-05-01,Bordertown,2,1358116,2026-05-01T03:10:00+00:00,tr1_min4,TR1 Min$4 (ref),TR1 (gate min $4 at bet placement),14103745,She Rex,Jackson Murphy,Cody Reardon,13,8,1.0,3.0,7.0,5.0,8.0,3.0,-1.0,0.0,3.5,3.5,3.5,1.0,1.0,1.0,1,,,,,,,,,
2026-05-01,Bordertown,7,1358117,2026-05-01T06:07:00+00:00,tr1_min4,TR1 Min$4 (ref),TR1 (gate min $4 at bet placement),14103781,Theodor,Campbell Rawiller,Travis Doudle,4,3,1.0,5.0,11.0,8.0,11.0,1.0,-0.1,1.0,3.4,3.6,3.7,4.0,0.0,0.0,1,,,,,,,,,
2026-05-01,Bordertown,1,1358118,2026-05-01T02:35:00+00:00,tr1_min4,TR1 Min$4 (ref),TR1 (gate min $4 at bet placement),14103787,Rhinestone Rory,Campbell Rawiller,James & Lisa Dodgson,4,1,1.0,1.0,5.0,3.0,2.0,1.0,1.1,0.0,2.5,2.4,3.0,1.0,1.0,1.0,1,,,,,,,,,
2026-05-01,Bordertown,5,1358120,2026-05-01T04:55:00+00:00,main,Main,"TRâ‰¤5 + Midâ‰¤2 + Lateâ‰¤2 + Totalâ‰¤3 + WPRâ‰¤4, skip races with first-starter (gate min $3 at bet placement)",14103844,Layin' Up,D Tourneur,J R Searle,10,7,2.0,10.0,2.0,2.0,2.0,3.0,1.1,2.0,4.4,4.4,4.4,3.0,0.0,1.0,1,,,,,,,,,
2026-05-01,Bordertown,5,1358120,2026-05-01T04:55:00+00:00,top_form,Top Form (ref),TRâ‰¤2 + Mid top2 + weight_up (gate min $4 at bet placement),14103844,Layin' Up,D Tourneur,J R Searle,10,7,2.0,10.0,2.0,2.0,2.0,3.0,1.1,2.0,4.4,4.4,4.4,3.0,0.0,1.0,1,,,,,,,,,
2026-05-01,Bordertown,5,1358120,2026-05-01T04:55:00+00:00,tr1_min4,TR1 Min$4 (ref),TR1 (gate min $4 at bet placement),14103834,Ice Symphony,Margaret Collett,Sarah Rutten,2,4,1.0,7.0,7.0,3.0,3.0,1.0,1.0,2.0,5.0,5.0,5.5,2.0,0.0,1.0,1,,,,,,,,,
2026-05-02,Barcaldine,2,1358375,2026-05-02T03:57:00+00:00,top_form,Top Form (ref),TRâ‰¤2 + Mid top2 + weight_up (gate min $4 at bet placement),14113747,Circus Maximus,R Faehr,P W O'Toole,3,1,2.0,5.0,1.0,7.0,6.0,2.0,1.6,0.0,4.8,5.0,5.0,3.0,0.0,1.0,1,,,,,,,,,
2026-05-02,Barcaldine,2,1358375,2026-05-02T03:57:00+00:00,tr1_min4,TR1 Min$4 (ref),TR1 (gate min $4 at bet placement),14113744,Bella Russian,M Heagney,C T Austin,6,5,1.0,2.0,5.0,4.0,5.0,4.0,2.1,0.0,3.7,3.9,4.4,5.0,0.0,0.0,1,,,,,,,,,
2026-05-02,Barcaldine,4,1358376,2026-05-02T05:07:00+00:00,tr1_min4,TR1 Min$4 (ref),TR1 (gate min $4 at bet placement),14113756,Boomroux,Maddie Mankelow,T A Hall,5,7,1.0,4.0,3.0,4.0,2.0,1.0,4.8,1.0,3.1,3.0,3.1,5.0,0.0,0.0,1,,,,,,,,,
2026-05-02,Barcaldine,1,1358378,2026-05-02T03:22:00+00:00,main,Main,"TRâ‰¤5 + Midâ‰¤2 + Lateâ‰¤2 + Totalâ‰¤3 + WPRâ‰¤4, skip races with first-starter (gate min $3 at bet placement)",14113774,Ferghana,Maddie Mankelow,Toni Schofield,2,4,1.0,6.0,1.0,1.0,1.0,2.0,-2.6,0.0,2.3,2.3,2.6,3.0,0.0,1.0,1,,,,,,,,,
2026-05-02,Barcaldine,1,1358378,2026-05-02T03:22:00+00:00,tr1_min4,TR1 Min$4 (ref),TR1 (gate min $4 at bet placement),14113774,Ferghana,Maddie Mankelow,Toni Schofield,2,4,1.0,6.0,1.0,1.0,1.0,2.0,-2.6,0.0,2.3,2.3,2.6,3.0,0.0,1.0,1,,,,,,,,,
2026-05-02,Barcaldine,6,1358379,2026-05-02T06:22:00+00:00,tr1_min4,TR1 Min$4 (ref),TR1 (gate min $4 at bet placement),14113790,Inquisitive Legend,J Rudd,David Rewald,9,8,1.0,2.0,3.0,7.0,5.0,2.0,1.1,2.0,3.6,3.7,3.7,2.0,0.0,1.0,1,,,,,,,,,
2026-05-02,Barcaldine,3,1358380,2026-05-02T04:32:00+00:00,tr1_min4,TR1 Min$4 (ref),TR1 (gate min $4 at bet placement),14113800,Blanc De Noir,Maddie Mankelow,Toni Schofield,2,8,1.0,2.0,3.0,4.0,4.0,1.0,4.1,1.0,2.1,2.1,2.35,1.0,1.0,1.0,1,,,,,,,,,
2026-05-01,Bordertown,3,1358574,2026-05-01T03:45:00+00:00,tr1_min4,TR1 Min$4 (ref),TR1 (gate min $4 at bet placement),14118153,Rocktagon,Sairyn Fawke,L Treloar,2,8,1.0,8.0,7.0,4.0,3.0,1.0,-0.4,1.0,3.3,3.4,3.4,3.0,0.0,1.0,1,,,,,,,,,
2026-05-01,Bordertown,4,1358575,2026-05-01T04:20:00+00:00,tr1_min4,TR1 Min$4 (ref),TR1 (gate min $4 at bet placement),14118168,Private Jet,Rochelle Milnes,J R Searle,5,1,1.0,7.0,2.0,7.0,4.0,2.0,-1.0,1.0,3.7,4.0,4.0,2.0,0.0,1.0,1,,,,,,,,,
2026-05-08,Canberra,2,1358893,2026-05-08T03:13:00+00:00,tr1_min4,TR1 Min$4 (ref),TR1 (gate min $4 at bet placement),14126976,The Mooch,Jean Van Overmeire,M C Lynch,7,10,1.0,8.0,4.0,1.0,2.0,2.0,-1.0,2.0,4.4,4.4,4.4,8.0,0.0,0.0,1,,,,,,,,,
2026-05-09,Tuncurry,3,1358972,2026-05-09T04:21:00+00:00,tr1_min4,TR1 Min$4 (ref),TR1 (gate min $4 at bet placement),14124895,Checks'n'balances,O A Dalton,Annabel & Rob Archibald,2,4,1.0,3.0,11.0,1.0,2.0,1.0,0.2,0.0,2.9,3.0,3.5,4.0,0.0,0.0,1,,,,,,,,,
2026-05-09,Tuncurry,6,1358973,2026-05-09T06:11:00+00:00,tr1_min4,TR1 Min$4 (ref),TR1 (gate min $4 at bet placement),14124913,Bondi Prophet,O A Dalton,R J Agnew,1,2,1.0,6.0,4.0,4.0,3.0,2.0,3.4,2.0,3.3,3.4,3.5,7.0,0.0,0.0,1,,,,,,,,,
2026-05-09,Tuncurry,5,1358974,2026-05-09T05:35:00+00:00,tr1_min4,TR1 Min$4 (ref),TR1 (gate min $4 at bet placement),14124932,Grand Voile,R Spokes,K A Lees,5,7,1.0,1.0,6.0,6.0,6.0,1.0,3.4,0.0,2.6,2.6,3.2,3.0,0.0,1.0,1,,,,,,,,,
2026-05-09,Tuncurry,2,1358975,2026-05-09T03:46:00+00:00,main,Main,"TRâ‰¤5 + Midâ‰¤2 + Lateâ‰¤2 + Totalâ‰¤3 + WPRâ‰¤4, skip races with first-starter (gate min $3 at bet placement)",14124935,Brazen Brando,G Spokes,B M Lazzarini,1,8,1.0,4.0,2.0,2.0,1.0,1.0,2.4,3.0,3.0,3.0,3.1,2.0,0.0,1.0,1,,,,,,,,,
2026-05-09,Tuncurry,2,1358975,2026-05-09T03:46:00+00:00,top_form,Top Form (ref),TRâ‰¤2 + Mid top2 + weight_up (gate min $4 at bet placement),14124935,Brazen Brando,G Spokes,B M Lazzarini,1,8,1.0,4.0,2.0,2.0,1.0,1.0,2.4,3.0,3.0,3.0,3.1,2.0,0.0,1.0,1,,,,,,,,,
2026-05-09,Tuncurry,2,1358975,2026-05-09T03:46:00+00:00,tr1_min4,TR1 Min$4 (ref),TR1 (gate min $4 at bet placement),14124935,Brazen Brando,G Spokes,B M Lazzarini,1,8,1.0,4.0,2.0,2.0,1.0,1.0,2.4,3.0,3.0,3.0,3.1,2.0,0.0,1.0,1,,,,,,,,,
2026-05-09,Tuncurry,1,1358976,2026-05-09T03:11:00+00:00,tr1_min4,TR1 Min$4 (ref),TR1 (gate min $4 at bet placement),14124949,Calamity Fox,O A Dalton,Colt Prosser,1,4,1.0,2.0,4.0,4.0,4.0,1.0,-0.5,2.0,3.9,4.0,4.0,2.0,0.0,1.0,1,,,,,,,,,
2026-05-09,Tuncurry,4,1358977,2026-05-09T04:56:00+00:00,tr1_min4,TR1 Min$4 (ref),TR1 (gate min $4 at bet placement),14124965,Ms Hubble,Madeline Owen,K Owen,11,9,1.0,2.0,4.0,2.0,3.0,1.0,-0.8,0.0,1.75,1.75,1.8,1.0,1.0,1.0,1,,,,,,,,,
2026-05-08,Port Augusta,6,1359019,2026-05-08T06:35:00+00:00,tr1_min4,TR1 Min$4 (ref),TR1 (gate min $4 at bet placement),14125669,Shikanic,Campbell Rawiller,Peter Nolan,7,2,1.0,2.0,7.0,8.0,5.0,2.0,-0.2,5.0,3.2,3.2,3.9,3.0,0.0,1.0,1,,,,,,,,,
2026-05-08,Port Augusta,5,1359020,2026-05-08T06:00:00+00:00,top_form,Top Form (ref),TRâ‰¤2 + Mid top2 + weight_up (gate min $4 at bet placement),14125689,Fox Dunnett,Tala Hutchinson,Garret Lynch,7,9,2.0,8.0,2.0,5.0,1.0,3.0,0.8,2.0,3.5,3.3,3.3,4.0,0.0,0.0,1,,,,,,,,,
2026-05-08,Port Augusta,5,1359020,2026-05-08T06:00:00+00:00,tr1_min4,TR1 Min$4 (ref),TR1 (gate min $4 at bet placement),14125699,Ti Tree Royal,Alyssa Webb,Garret Lynch,2,8,1.0,2.0,4.0,1.0,2.0,1.0,-1.6,1.0,2.15,2.2,2.6,1.0,1.0,1.0,1,,,,,,,,,
2026-05-08,Port Augusta,2,1359021,2026-05-08T04:10:00+00:00,tr1_min4,TR1 Min$4 (ref),TR1 (gate min $4 at bet placement),14125702,Social Dancer,Alyssa Webb,Christopher Harrison,8,9,1.0,8.0,4.0,1.0,1.0,3.0,-0.5,0.0,5.5,5.5,6.0,5.0,0.0,0.0,1,,,,,,,,,
2026-05-08,Port Augusta,3,1359022,2026-05-08T04:45:00+00:00,top_form,Top Form (ref),TRâ‰¤2 + Mid top2 + weight_up (gate min $4 at bet placement),14125720,Sir Panama,Sairyn Fawke,Christopher Harrison,1,5,1.0,2.0,2.0,6.0,5.0,1.0,1.8,0.0,2.2,2.25,2.25,3.0,0.0,1.0,1,,,,,,,,,
2026-05-08,Port Augusta,3,1359022,2026-05-08T04:45:00+00:00,tr1_min4,TR1 Min$4 (ref),TR1 (gate min $4 at bet placement),14125720,Sir Panama,Sairyn Fawke,Christopher Harrison,1,5,1.0,2.0,2.0,6.0,5.0,1.0,1.8,0.0,2.2,2.25,2.25,3.0,0.0,1.0,1,,,,,,,,,
2026-05-08,Port Augusta,1,1359023,2026-05-08T03:35:00+00:00,tr1_min4,TR1 Min$4 (ref),TR1 (gate min $4 at bet placement),14126838,Otto's Dream,Tala Hutchinson,Garret Lynch,7,8,1.0,2.0,4.0,8.0,7.0,1.0,-4.5,0.0,3.0,3.1,3.4,1.0,1.0,1.0,1,,,,,,,,,
2026-05-08,Port Augusta,7,1359024,2026-05-08T07:05:00+00:00,top_form,Top Form (ref),TRâ‰¤2 + Mid top2 + weight_up (gate min $4 at bet placement),14125741,Never Surrender,S H Sit,D J McMahon,1,3,1.0,8.0,2.0,7.0,4.0,1.0,2.8,2.0,4.8,5.0,5.5,4.0,0.0,0.0,1,,,,,,,,,
2026-05-08,Port Augusta,7,1359024,2026-05-08T07:05:00+00:00,tr1_min4,TR1 Min$4 (ref),TR1 (gate min $4 at bet placement),14125741,Never Surrender,S H Sit,D J McMahon,1,3,1.0,8.0,2.0,7.0,4.0,1.0,2.8,2.0,4.8,5.0,5.5,4.0,0.0,0.0,1,,,,,,,,,
2026-05-08,Port Augusta,4,1359025,2026-05-08T05:20:00+00:00,top_form,Top Form (ref),TRâ‰¤2 + Mid top2 + weight_up (gate min $4 at bet placement),14125755,Footprints,Wesley Cave,T L Day,2,2,2.0,3.0,1.0,5.0,4.0,4.0,2.6,2.0,5.0,5.0,5.5,3.0,0.0,1.0,1,,,,,,,,,
2026-05-08,Port Augusta,4,1359025,2026-05-08T05:20:00+00:00,tr1_min4,TR1 Min$4 (ref),TR1 (gate min $4 at bet placement),14125758,Star Casino,S H Sit,Travis Doudle,6,7,1.0,5.0,3.0,6.0,6.0,2.0,-0.6,1.0,2.9,3.0,3.0,2.0,0.0,1.0,1,,,,,,,,,
2026-05-10,Bowen,3,1359113,2026-05-10T05:15:00+00:00,main,Main,"TRâ‰¤5 + Midâ‰¤2 + Lateâ‰¤2 + Totalâ‰¤3 + WPRâ‰¤4, skip races with first-starter (gate min $3 at bet placement)",14133175,Family Star,M Abe,Kayla Russell,1,3,5.0,5.0,2.0,1.0,1.0,3.0,-2.1,3.0,23.0,,,,,,0,,,,,,,,,
2026-05-10,Bowen,3,1359113,2026-05-10T05:15:00+00:00,tr1_min4,TR1 Min$4 (ref),TR1 (gate min $4 at bet placement),14127254,Roweiner's Dance,W D'Avila,William Kenning,4,6,1.0,4.0,3.0,2.0,2.0,1.0,1.4,3.0,1.45,,,,,,0,,,,,,,,,
2026-05-10,Bowen,2,1359114,2026-05-10T04:35:00+00:00,tr1_min4,TR1 Min$4 (ref),TR1 (gate min $4 at bet placement),14127256,Chalkley,Raul Silvera Olivera,David Micallef,1,5,1.0,1.0,3.0,2.0,3.0,3.0,2.1,1.0,3.7,,,,,,0,,,,,,,,,
2026-05-10,Bowen,4,1359115,2026-05-10T05:55:00+00:00,tr1_min4,TR1 Min$4 (ref),TR1 (gate min $4 at bet placement),14127265,La Petite Maison,Aidan Holt,Tracy Simmons,1,6,1.0,5.0,3.0,2.0,1.0,1.0,1.6,2.0,1.7,,,,,,0,,,,,,,,,
2026-05-10,Bowen,1,1359117,2026-05-10T04:00:00+00:00,main,Main,"TRâ‰¤5 + Midâ‰¤2 + Lateâ‰¤2 + Totalâ‰¤3 + WPRâ‰¤4, skip races with first-starter (gate min $3 at bet placement)",14127279,Elegant Venus,W D'Avila,Rachael Singleton,3,1,3.0,3.0,1.0,2.0,2.0,2.0,,0.0,3.4,,,,,,0,,,,,,,,,
2026-05-10,Bowen,1,1359117,2026-05-10T04:00:00+00:00,top_form,Top Form (ref),TRâ‰¤2 + Mid top2 + weight_up (gate min $4 at bet placement),14127277,Royal Edition,Aidan Holt,Nathan Coves,2,4,1.0,1.0,2.0,3.0,3.0,1.0,0.9,0.0,1.85,,,,,,0,,,,,,,,,
2026-05-10,Bowen,1,1359117,2026-05-10T04:00:00+00:00,tr1_min4,TR1 Min$4 (ref),TR1 (gate min $4 at bet placement),14127277,Royal Edition,Aidan Holt,Nathan Coves,2,4,1.0,1.0,2.0,3.0,3.0,1.0,0.9,0.0,1.85,,,,,,0,,,,,,,,,
2026-05-09,Port Hedland,1,1359215,2026-05-09T05:47:00+00:00,tr1_min4,TR1 Min$4 (ref),TR1 (gate min $4 at bet placement),14129227,Take The Field,J Gray,Brett Pope,2,2,1.0,2.0,3.0,7.0,3.0,2.0,0.5,0.0,3.2,3.2,3.4,7.0,0.0,0.0,1,,,,,,,,,
2026-05-01,Wagga,7,1357877,2026-05-01T06:20:00+00:00,main,Main,WPRâ‰¤3 + Lateâ‰¤3 + ClassRank=1 + Last600â‰¤3 + SPâ‰Ą$3 (skip first-starter races),14099982,Travolta,Tommy Berry,C J Waller,2,7,1.0,10.0,2.0,3.0,1.0,2.0,-0.5,1.0,3.4,3.4,3.4,4.0,0.0,0.0,1,1.0,3.89,91.0,1.0,1.0,1.0,3.0,mf,-19.9
2026-05-01,Wagga,3,1357884,2026-05-01T03:55:00+00:00,main,Main,WPRâ‰¤3 + Lateâ‰¤3 + ClassRank=1 + Last600â‰¤3 + SPâ‰Ą$3 (skip first-starter races),14100179,Blue Monday,G Buckley,Mitchell Beer & George Carpenter,5,9,1.0,10.0,9.0,1.0,1.0,1.0,-1.8,0.0,2.9,3.0,3.0,8.0,0.0,0.0,1,1.0,5.11,98.0,1.0,2.0,4.0,8.0,mf/bm,-8.8
2026-05-01,Mackay,7,1358017,2026-05-01T05:26:00+00:00,main,Main,WPRâ‰¤3 + Lateâ‰¤3 + ClassRank=1 + Last600â‰¤3 + SPâ‰Ą$3 (skip first-starter races),14101715,Outsmarted,Fiona Sandkuhl,D K Amos,8,4,1.0,6.0,4.0,1.0,1.0,1.0,2.2,2.0,3.7,3.8,3.8,5.0,0.0,0.0,1,1.0,4.18,94.0,1.0,1.0,1.0,1.0,mf,-9.5
2026-05-01,Mackay,1,1358019,2026-05-01T01:57:00+00:00,main,Main,WPRâ‰¤3 + Lateâ‰¤3 + ClassRank=1 + Last600â‰¤3 + SPâ‰Ą$3 (skip first-starter races),14101733,The Barber,Tahlia Fenlon,Alisha Taylor,1,4,2.0,3.0,1.0,2.0,1.0,1.0,,1.0,2.4,2.3,2.6,2.0,0.0,1.0,1,1.0,2.71,93.0,1.0,1.0,4.0,2.0,bm,8.9
2026-05-01,Mackay,4,1358020,2026-05-01T03:41:00+00:00,main,Main,WPRâ‰¤3 + Lateâ‰¤3 + ClassRank=1 + Last600â‰¤3 + SPâ‰Ą$3 (skip first-starter races),14101740,La Petite Maison,S Cormack,Tracy Simmons,1,6,2.0,3.0,4.0,3.0,4.0,2.0,1.1,2.0,4.4,4.2,4.2,2.0,0.0,1.0,1,1.0,2.54,100.0,1.0,1.0,1.0,1.0,op,-2.2
2026-05-01,Mackay,3,1358021,2026-05-01T03:06:00+00:00,main,Main,WPRâ‰¤3 + Lateâ‰¤3 + ClassRank=1 + Last600â‰¤3 + SPâ‰Ą$3 (skip first-starter races),14101750,Exodas,Aidan Holt,Lachie Manzelmann,2,6,1.0,3.0,6.0,2.0,3.0,1.0,2.0,0.0,1.8,1.85,1.85,1.0,1.0,1.0,1,1.0,2.25,93.0,1.0,3.0,4.0,5.0,op/mf,9.1
2026-05-01,Muswellbrook,8,1358030,2026-05-01T06:34:00+00:00,main,Main,WPRâ‰¤3 + Lateâ‰¤3 + ClassRank=1 + Last600â‰¤3 + SPâ‰Ą$3 (skip first-starter races),14101856,Solar Blast,B Looker,C R Clegg,5,2,4.0,8.0,7.0,1.0,1.0,3.0,2.9,1.0,8.5,9.0,9.0,6.0,0.0,0.0,1,3.0,6.36,89.0,1.0,1.0,1.0,1.0,mf,0.1
2026-05-02,Toowoomba,5,1358050,2026-05-02T09:41:00+00:00,main,Main,WPRâ‰¤3 + Lateâ‰¤3 + ClassRank=1 + Last600â‰¤3 + SPâ‰Ą$3 (skip first-starter races),14102177,Paleface Ringo,M Hellyer,Jack Brown,5,2,1.0,8.0,3.0,2.0,2.0,2.0,1.4,0.0,2.3,2.4,2.7,1.0,1.0,1.0,1,4.0,7.32,93.0,1.0,1.0,2.0,2.0,op/mf,8.2
2026-05-02,Toowoomba,4,1358053,2026-05-02T09:05:00+00:00,main,Main,WPRâ‰¤3 + Lateâ‰¤3 + ClassRank=1 + Last600â‰¤3 + SPâ‰Ą$3 (skip first-starter races),14102227,Thebarberofseville,Stacey Callow,M A Kropp,6,6,2.0,7.0,5.0,2.0,4.0,2.0,4.0,1.0,4.8,4.8,5.5,4.0,0.0,0.0,1,1.0,3.05,98.0,1.0,2.0,4.0,4.0,mf,-1.3
2026-05-02,Eagle Farm,5,1358056,2026-05-02T04:23:00+00:00,main,Main,WPRâ‰¤3 + Lateâ‰¤3 + ClassRank=1 + Last600â‰¤3 + SPâ‰Ą$3 (skip first-starter races),14102274,Icarian Dream,Tahlia Fenlon,C Maher,2,14,2.0,9.0,8.0,3.0,3.0,2.0,3.5,1.0,3.7,3.6,3.6,2.0,0.0,1.0,1,1.0,3.08,98.0,1.0,1.0,1.0,25.0,mf/bm,7.7
2026-05-02,Donald,5,1358103,2026-05-02T04:46:00+00:00,main,Main,WPRâ‰¤3 + Lateâ‰¤3 + ClassRank=1 + Last600â‰¤3 + SPâ‰Ą$3 (skip first-starter races),14103177,Hydrogen Power,Neil Farley,Nathan Hobson,6,8,2.0,2.0,7.0,2.0,1.0,2.0,-3.5,1.0,5.0,5.5,5.5,6.0,0.0,0.0,1,1.0,4.37,88.0,1.0,3.0,2.0,1.0,mf,-6.8
2026-05-01,Geelong,1,1358124,2026-05-01T02:20:00+00:00,main,Main,WPRâ‰¤3 + Lateâ‰¤3 + ClassRank=1 + Last600â‰¤3 + SPâ‰Ą$3 (skip first-starter races),14104050,Fenestella,Dylan Dunn,Shane Nichols & Hayden Black,8,8,1.0,1.0,4.0,3.0,2.0,1.0,0.5,0.0,2.4,2.3,2.35,1.0,1.0,1.0,1,1.0,2.16,95.0,1.0,3.0,3.0,25.0,mf,-0.2
2026-05-04,Pioneer Park,1,1358368,2026-05-04T02:54:00+00:00,main,Main,WPRâ‰¤3 + Lateâ‰¤3 + ClassRank=1 + Last600â‰¤3 + SPâ‰Ą$3 (skip first-starter races),14113638,Even Sharper,D Tourneur,Greg Connor,1,4,1.0,8.0,6.0,1.0,1.0,2.0,3.1,1.0,2.8,2.8,2.8,3.0,0.0,1.0,1,1.0,2.54,100.0,1.0,1.0,1.0,3.0,mf/bm,0.1
2026-05-04,Pioneer Park,4,1358369,2026-05-04T04:47:00+00:00,main,Main,WPRâ‰¤3 + Lateâ‰¤3 + ClassRank=1 + Last600â‰¤3 + SPâ‰Ą$3 (skip first-starter races),14113655,Voronya,P Denton,Greg Connor,2,8,1.0,7.0,1.0,1.0,1.0,1.0,-0.3,1.0,1.45,1.45,1.45,1.0,1.0,1.0,1,1.0,2.41,98.0,1.0,2.0,2.0,3.0,mf/bm,1.6
2026-05-04,Pioneer Park,5,1358370,2026-05-04T05:22:00+00:00,main,Main,WPRâ‰¤3 + Lateâ‰¤3 + ClassRank=1 + Last600â‰¤3 + SPâ‰Ą$3 (skip first-starter races),14113660,Bahama Bay,Lek Maloney,K Petrick,1,7,1.0,5.0,2.0,3.0,1.0,1.0,1.5,3.0,3.0,3.0,3.0,1.0,1.0,1.0,1,1.0,2.23,98.0,1.0,1.0,1.0,1.0,no data,-7.2
2026-05-04,Pioneer Park,3,1358374,2026-05-04T04:12:00+00:00,main,Main,WPRâ‰¤3 + Lateâ‰¤3 + ClassRank=1 + Last600â‰¤3 + SPâ‰Ą$3 (skip first-starter races),14113732,Arizona Activist,J Lyon,Chloe Baxter,5,5,2.0,7.0,4.0,2.0,4.0,1.0,1.2,0.0,4.4,4.6,5.0,1.0,1.0,1.0,1,1.0,2.89,94.0,1.0,3.0,5.0,4.0,op/mf,-9.7
2026-05-04,Ipswich,4,1358404,2026-05-04T04:05:00+00:00,main,Main,WPRâ‰¤3 + Lateâ‰¤3 + ClassRank=1 + Last600â‰¤3 + SPâ‰Ą$3 (skip first-starter races),14114182,Empire Of Art,Kyle Wilson-Taylor,C J Waller,1,12,1.0,9.0,7.0,1.0,1.0,1.0,-2.9,0.0,3.4,3.4,3.4,2.0,0.0,1.0,1,1.0,3.52,96.0,1.0,2.0,2.0,2.0,mf/bm,-11.6
2026-05-03,Sale,4,1358432,2026-05-03T04:25:00+00:00,main,Main,WPRâ‰¤3 + Lateâ‰¤3 + ClassRank=1 + Last600â‰¤3 + SPâ‰Ą$3 (skip first-starter races),14114749,Always Shining,K Jennings,Brent Butcher,1,9,3.0,5.0,4.0,2.0,2.0,3.0,0.0,0.0,9.0,9.0,26.0,3.0,0.0,1.0,1,3.0,6.78,85.0,1.0,1.0,1.0,1.0,bm,0.1
2026-05-03,Sale,3,1358434,2026-05-03T03:55:00+00:00,main,Main,WPRâ‰¤3 + Lateâ‰¤3 + ClassRank=1 + Last600â‰¤3 + SPâ‰Ą$3 (skip first-starter races),14114831,So You Excel,Molly Bourke,Tim Hughes,9,3,1.0,3.0,5.0,3.0,3.0,1.0,1.2,0.0,3.0,3.0,3.0,1.0,1.0,1.0,1,1.0,2.76,97.0,1.0,2.0,3.0,25.0,mf,0.1
2026-05-03,Northam,8,1358513,2026-05-03T08:25:00+00:00,main,Main,WPRâ‰¤3 + Lateâ‰¤3 + ClassRank=1 + Last600â‰¤3 + SPâ‰Ą$3 (skip first-starter races),14117096,Rope Them In,S Mc Gruddy,S J Wolfe,2,10,2.0,10.0,3.0,3.0,1.0,2.0,-0.8,1.0,5.0,5.5,5.5,7.0,0.0,0.0,1,1.0,3.47,96.0,1.0,2.0,25.0,2.0,mf/bm,-10.9
2026-05-03,Northam,9,1358516,2026-05-03T08:55:00+00:00,main,Main,WPRâ‰¤3 + Lateâ‰¤3 + ClassRank=1 + Last600â‰¤3 + SPâ‰Ą$3 (skip first-starter races),14117144,Belaura Star,Jarrad Noske,Tiarnna Noske,1,10,1.0,4.0,4.0,3.0,2.0,1.0,1.0,0.0,2.6,2.6,2.6,2.0,0.0,1.0,1,1.0,2.31,100.0,1.0,1.0,2.0,2.0,mf,-15.8
2026-05-03,Northam,1,1358517,2026-05-03T04:43:00+00:00,main,Main,WPRâ‰¤3 + Lateâ‰¤3 + ClassRank=1 + Last600â‰¤3 + SPâ‰Ą$3 (skip first-starter races),14117151,Thor's Angel,Lucy Fiore,Brandon Fiore,7,5,1.0,2.0,2.0,3.0,1.0,1.0,-0.3,0.0,1.65,1.7,2.1,1.0,1.0,1.0,1,1.0,2.37,100.0,1.0,1.0,1.0,1.0,bm,-2.0
2026-05-02,Ascot,5,1358519,2026-05-02T06:09:00+00:00,main,Main,WPRâ‰¤3 + Lateâ‰¤3 + ClassRank=1 + Last600â‰¤3 + SPâ‰Ą$3 (skip first-starter races),14117206,Like Clockwork,W Pike,Michael Grantham,8,8,1.0,4.0,1.0,2.0,1.0,3.0,0.0,1.0,1.55,1.55,1.6,1.0,1.0,1.0,1,3.0,5.5,86.0,1.0,1.0,1.0,1.0,bm,-4.7
2026-05-02,Ascot,2,1358522,2026-05-02T04:19:00+00:00,main,Main,WPRâ‰¤3 + Lateâ‰¤3 + ClassRank=1 + Last600â‰¤3 + SPâ‰Ą$3 (skip first-starter races),14117246,Go Go Grommet,Zephen Johnston-Porter,C & M Gangemi,3,9,4.0,7.0,6.0,2.0,3.0,2.0,0.5,1.0,6.5,6.0,6.0,5.0,0.0,0.0,1,2.0,4.52,87.0,1.0,3.0,2.0,1.0,mf/bm,0.0
2026-05-02,Ascot,4,1358524,2026-05-02T05:29:00+00:00,main,Main,WPRâ‰¤3 + Lateâ‰¤3 + ClassRank=1 + Last600â‰¤3 + SPâ‰Ą$3 (skip first-starter races),14117275,Rock 'n' The Jam,S Parnham,Russell Stewart,4,3,1.0,1.0,6.0,1.0,1.0,1.0,-1.6,0.0,2.5,2.4,2.4,1.0,1.0,1.0,1,1.0,2.88,77.0,1.0,2.0,2.0,1.0,bm,-2.0
2026-05-02,Ascot,3,1358527,2026-05-02T04:54:00+00:00,main,Main,WPRâ‰¤3 + Lateâ‰¤3 + ClassRank=1 + Last600â‰¤3 + SPâ‰Ą$3 (skip first-starter races),14117324,Gold Maker,Joseph Azzopardi,D Riordan,5,3,4.0,7.0,8.0,3.0,2.0,3.0,-0.5,0.0,13.0,14.0,14.0,7.0,0.0,0.0,1,2.0,6.1,98.0,1.0,1.0,2.0,4.0,bm,13.4
2026-05-02,Morphettville,7,1358580,2026-05-02T05:55:00+00:00,main,Main,WPRâ‰¤3 + Lateâ‰¤3 + ClassRank=1 + Last600â‰¤3 + SPâ‰Ą$3 (skip first-starter races),14118228,Rohesia,D W Stackhouse,"Ben, Will & Jd Hayes",6,3,1.0,10.0,12.0,1.0,1.0,1.0,-2.4,0.0,3.0,3.1,3.4,10.0,0.0,0.0,1,1.0,3.17,99.0,1.0,1.0,1.0,1.0,mf/bm,0.4
2026-05-01,Pakenham,8,1358587,2026-05-01T09:45:00+00:00,main,Main,WPRâ‰¤3 + Lateâ‰¤3 + ClassRank=1 + Last600â‰¤3 + SPâ‰Ą$3 (skip first-starter races),14118323,Lathlain,Jackson Radley,T Busuttin & N Young,7,4,2.0,5.0,9.0,3.0,7.0,3.0,2.5,2.0,4.4,4.6,4.8,3.0,0.0,1.0,1,1.0,3.97,100.0,1.0,1.0,4.0,3.0,mf,-3.0
2026-05-02,Bendigo,6,1358599,2026-05-02T04:30:00+00:00,main,Main,WPRâ‰¤3 + Lateâ‰¤3 + ClassRank=1 + Last600â‰¤3 + SPâ‰Ą$3 (skip first-starter races),14118499,Duchess Zou,Logan Bates,C Maher,10,7,1.0,5.0,9.0,3.0,3.0,1.0,1.9,2.0,2.7,2.7,2.9,10.0,0.0,0.0,1,1.0,4.18,98.0,1.0,1.0,2.0,2.0,mf,4.4
2026-05-05,Taree,4,1358617,2026-05-05T04:50:00+00:00,main,Main,WPRâ‰¤3 + Lateâ‰¤3 + ClassRank=1 + Last600â‰¤3 + SPâ‰Ą$3 (skip first-starter races),14118766,Simply Gold,Mitchell Bell,Annabel & Rob Archibald,11,12,1.0,8.0,7.0,2.0,1.0,1.0,-2.1,0.0,1.7,1.6,1.6,1.0,1.0,1.0,1,1.0,3.32,96.0,1.0,2.0,1.0,2.0,mf/bm,-13.2
2026-05-06,Eagle Farm,1,1358719,2026-05-06T01:57:00+00:00,main,Main,WPRâ‰¤3 + Lateâ‰¤3 + ClassRank=1 + Last600â‰¤3 + SPâ‰Ą$3 (skip first-starter races),14121465,Sword Of Legacy,Jake Bayliss,M J Dunn,10,2,1.0,3.0,8.0,3.0,4.0,1.0,-1.2,0.0,2.1,2.0,2.6,1.0,1.0,1.0,1,1.0,2.44,100.0,1.0,1.0,1.0,1.0,mf,0.0
2026-05-07,Wyong,1,1358786,2026-05-07T02:40:00+00:00,main,Main,WPRâ‰¤3 + Lateâ‰¤3 + ClassRank=1 + Last600â‰¤3 + SPâ‰Ą$3 (skip first-starter races),14122383,Aurora Effect,J R Collett,Edward Cummings,2,5,1.0,4.0,7.0,3.0,2.0,1.0,-1.3,0.0,1.33,1.3,1.5,9.0,0.0,0.0,1,1.0,2.98,94.0,1.0,2.0,2.0,2.0,mf,-7.2
2026-05-07,Wyong,3,1358787,2026-05-07T04:00:00+00:00,main,Main,WPRâ‰¤3 + Lateâ‰¤3 + ClassRank=1 + Last600â‰¤3 + SPâ‰Ą$3 (skip first-starter races),14122397,Nonno's Power,R Hutchings,Joseph Pride,3,7,3.0,6.0,1.0,1.0,1.0,3.0,0.8,0.0,7.0,8.0,8.5,4.0,0.0,0.0,1,3.0,4.69,80.0,1.0,1.0,1.0,1.0,bm,0.0
2026-05-08,Coffs Harbour,2,1358901,2026-05-08T01:40:00+00:00,main,Main,WPRâ‰¤3 + Lateâ‰¤3 + ClassRank=1 + Last600â‰¤3 + SPâ‰Ą$3 (skip first-starter races),14123608,Sunvolt,S Traecey,D L Matts,5,6,1.0,2.0,4.0,2.0,3.0,2.0,0.0,0.0,2.0,2.3,2.4,1.0,1.0,1.0,1,1.0,2.58,86.0,1.0,1.0,1.0,2.0,mf/bm,0.3
2026-05-08,Townsville,4,1358902,2026-05-08T03:40:00+00:00,main,Main,WPRâ‰¤3 + Lateâ‰¤3 + ClassRank=1 + Last600â‰¤3 + SPâ‰Ą$3 (skip first-starter races),14123619,Nicco Nota Fighter,N Thomas,Matthew McGuire,6,5,4.0,4.0,4.0,2.0,2.0,1.0,-1.0,0.0,6.5,6.5,8.0,7.0,0.0,0.0,1,1.0,3.06,100.0,1.0,1.0,7.0,25.0,bm,0.0
2026-05-09,Toowoomba,5,1358944,2026-05-09T09:35:00+00:00,main,Main,WPRâ‰¤3 + Lateâ‰¤3 + ClassRank=1 + Last600â‰¤3 + SPâ‰Ą$3 (skip first-starter races),14124338,Seismic Boom,Fiona Sandkuhl,Matthew Hoysted,7,13,1.0,8.0,10.0,1.0,1.0,1.0,,1.0,2.7,3.8,3.8,4.0,0.0,0.0,1,1.0,3.65,100.0,1.0,1.0,1.0,1.0,bm,-1.7
2026-05-08,Pakenham,1,1359012,2026-05-08T06:45:00+00:00,main,Main,WPRâ‰¤3 + Lateâ‰¤3 + ClassRank=1 + Last600â‰¤3 + SPâ‰Ą$3 (skip first-starter races),14125373,Aradeo,Zac Spain,"Ben, Will & Jd Hayes",3,3,2.0,4.0,1.0,2.0,1.0,2.0,1.0,0.0,2.3,2.35,3.1,1.0,1.0,1.0,1,2.0,4.05,83.0,1.0,1.0,1.0,25.0,bm,2.7
2026-05-08,Pakenham,2,1359018,2026-05-08T07:15:00+00:00,main,Main,WPRâ‰¤3 + Lateâ‰¤3 + ClassRank=1 + Last600â‰¤3 + SPâ‰Ą$3 (skip first-starter races),14125643,Annabelle Sunshine,J Beriman,Michael Trotter,5,3,2.0,2.0,5.0,3.0,1.0,1.0,-0.1,0.0,3.6,3.5,3.6,1.0,1.0,1.0,1,1.0,2.86,96.0,1.0,3.0,2.0,3.0,mf,0.0
2026-05-10,Sunshine Coast,2,1359138,2026-05-10T03:05:00+00:00,main,Main,WPRâ‰¤3 + Lateâ‰¤3 + ClassRank=1 + Last600â‰¤3 + SPâ‰Ą$3 (skip first-starter races),14127567,Big Tech,Kyle Wilson-Taylor,David Murphy,4,3,1.0,3.0,2.0,2.0,2.0,2.0,-0.4,0.0,2.0,,,,,,0,1.0,2.63,90.0,1.0,2.0,2.0,1.0,mf,-11.0
2026-05-10,Sunshine Coast,6,1359144,2026-05-10T05:30:00+00:00,main,Main,WPRâ‰¤3 + Lateâ‰¤3 + ClassRank=1 + Last600â‰¤3 + SPâ‰Ą$3 (skip first-starter races),14127734,Excenia,Corey Sutherland,T & C McEvoy,3,8,3.0,8.0,2.0,1.0,1.0,3.0,2.6,1.0,3.6,,,,,,0,2.0,4.32,85.0,1.0,2.0,2.0,4.0,op/mf,1.8
2026-05-10,Ballarat,1,1359182,2026-05-10T02:25:00+00:00,main,Main,WPRâ‰¤3 + Lateâ‰¤3 + ClassRank=1 + Last600â‰¤3 + SPâ‰Ą$3 (skip first-starter races),14128371,Royal Maximus,Jye McNeil,C J Waller,6,4,1.0,1.0,6.0,3.0,2.0,3.0,,0.0,2.7,,,,,,0,1.0,2.92,100.0,1.0,1.0,1.0,1.0,op,0.0
2026-05-09,Port Hedland,5,1359216,2026-05-09T08:15:00+00:00,main,Main,WPRâ‰¤3 + Lateâ‰¤3 + ClassRank=1 + Last600â‰¤3 + SPâ‰Ą$3 (skip first-starter races),14129242,Quick Cookie,Madi Derrick,Ryan Hill,7,8,1.0,4.0,2.0,3.0,3.0,2.0,1.2,0.0,3.0,2.9,3.2,7.0,0.0,0.0,1,1.0,2.93,100.0,1.0,1.0,1.0,3.0,op,-13.9
2026-05-10,Kalgoorlie,1,1359228,2026-05-10T04:55:00+00:00,main,Main,WPRâ‰¤3 + Lateâ‰¤3 + ClassRank=1 + Last600â‰¤3 + SPâ‰Ą$3 (skip first-starter races),14129423,Royal Guardian,Natasha Faithfull,P J Fernie,7,4,1.0,5.0,6.0,1.0,1.0,1.0,0.9,0.0,1.75,,,,,,0,1.0,2.7,100.0,1.0,1.0,1.0,1.0,bm,0.0
2026-05-09,Fannie Bay,1,1359314,2026-05-09T04:47:00+00:00,main,Main,WPRâ‰¤3 + Lateâ‰¤3 + ClassRank=1 + Last600â‰¤3 + SPâ‰Ą$3 (skip first-starter races),14131744,I'm A Dreamer,Deborah Barton,T Halter,6,5,1.0,2.0,3.0,2.0,2.0,1.0,2.2,0.0,3.2,3.2,3.2,3.0,0.0,1.0,1,1.0,2.96,100.0,1.0,1.0,1.0,2.0,op,0.0
