date,meeting_id,venue,track_id,state,country,abbrev,surface,rail_position,stage,tab_meeting,expected_condition,form_updated,ratings_updated,has_sectionals
2026-04-11,238684,Newcastle,103,NSW,AUS,NCLE,,+9m Entire,A,True,,2026-04-11T12:57:50,2026-04-11T12:57:46,True
2026-04-11,238733,Ballina,108,NSW,AUS,BLNA,,+2.5m 950m-300m; +1.5m 300m-W/Post; True Remainder,A,True,,2026-04-11T13:44:34,2026-04-11T09:02:07,True
2026-04-11,238675,Lismore,112,NSW,AUS,LISM,,+2.5m 950m-300m; +1.5m 300m-W/Post; True Remainder,A,True,,2026-04-11T09:27:41,2026-04-11T04:45:33,False
2026-04-11,238681,Goulburn,119,NSW,AUS,GOUL,,True,A,True,,2026-04-11T15:49:22,2026-04-11T15:49:13,True
2026-04-11,238628,Randwick,125,NSW,AUS,RAND,,+4m Entire,A,True,,2026-04-11T12:19:34,2026-04-11T12:18:58,True
2026-04-11,238690,Bowen,151,QLD,AUS,BOWN,,True Entire Course.,A,True,,2026-04-11T16:21:42,2026-04-11T16:21:39,True
2026-04-11,238632,Doomben,171,QLD,AUS,DOOM,,+2.5m Entire,A,True,,2026-04-11T14:21:27,2026-04-11T14:21:14,True
2026-04-11,238677,Kilcoy,206,QLD,AUS,KCOY,,True Entire Course.,A,True,,2026-04-11T10:40:02,2026-04-10T09:51:43,True
2026-04-11,238678,Rockhampton,238,QLD,AUS,ROCK,,0.5 metre Entire Course.,A,True,,2026-04-12T12:20:00,2026-04-11T06:59:26,False
2026-04-11,238679,Toowoomba,258,QLD,AUS,TWBA,,+5m Entire,A,True,,2026-04-12T12:20:34,2026-04-11T08:31:08,True
2026-04-11,238652,Caulfield,271,VIC,AUS,CAUL,,Out 8m Entire Circuit,A,True,,2026-04-11T15:56:31,2026-04-11T15:56:27,True
2026-04-11,238685,Werribee,277,VIC,AUS,WERR,,True Entire Circuit,A,True,,2026-04-11T16:29:52,2026-04-11T16:29:48,True
2026-04-11,238648,Morphettville,339,SA,AUS,MORP,,"+9m 1200m - W/Post, +6m Remainder. Sectional 612m",A,True,,2026-04-11T13:56:33,2026-04-08T11:17:14,True
2026-04-11,238663,Narrogin,409,WA,AUS,NGIN,,True,A,True,,2026-04-12T11:56:14,2026-04-11T14:05:24,True
2026-04-11,238664,Ascot,428,WA,AUS,ASCT,,+2m entire,A,True,,2026-04-11T13:32:11,2026-04-11T12:18:58,True
2026-04-11,238626,Pioneer Park,432,NT,AUS,ALSP,,True,A,True,,2026-04-11T13:41:21,2026-04-11T13:41:17,True
2026-04-11,238618,Riccarton Park,487,NZ,NZ,RICC,,True,A,True,,2026-04-11T14:01:54,2026-04-11T14:01:46,False
2026-04-11,238619,Otaki,534,NZ,NZ,OTAK,,True,A,True,,2026-04-11T10:46:52,2026-04-08T09:23:24,False
2026-04-12,238682,Gundagai,14,NSW,AUS,GUND,,True,A,True,,2026-04-12T16:53:02,2026-04-12T16:53:00,True
2026-04-12,238688,Wellington,88,NSW,AUS,WELL,,True,A,True,,2026-04-12T12:55:51,2026-04-12T12:55:48,True
2026-04-12,238692,Sunshine Coast,155,QLD,AUS,SCST,,+12m Entire,A,True,,2026-04-12T12:36:10,2026-04-12T12:36:07,True
2026-04-12,238753,Rockhampton,238,QLD,AUS,ROCK,,+0.5m Entire,A,True,,2026-04-12T12:02:15,2026-04-12T10:56:39,True
2026-04-12,238691,Terang,296,VIC,AUS,TER,,True Entire Circuit,A,True,,2026-04-12T12:02:15,2026-04-12T07:27:30,True
2026-04-12,238694,Swan Hill,323,VIC,AUS,SW H,,True Entire Circuit,A,True,,2026-04-12T13:25:54,2026-04-09T11:46:24,True
2026-04-12,238680,Port Augusta,360,SA,AUS,PT A,,True,A,True,,2026-04-12T12:02:15,2026-04-12T12:01:52,True
2026-04-12,238686,Hobart,369,TAS,AUS,HOB,,+4m Entire,A,True,,2026-04-12T12:02:15,2026-04-12T12:01:52,True
2026-04-12,238689,Kalgoorlie,384,WA,AUS,KALG,,+7m entire,A,True,,2026-04-12T18:58:16,2026-04-12T18:58:13,True
2026-04-12,238620,Te Rapa,459,NZ,NZ,WAIK,,Out 9m,A,True,,2026-04-12T12:02:15.223,2026-04-12T12:01:52,False
2026-04-12,238701,Sha Tin,899,HK,HK,SHAT,,Out 9m,A,True,,2026-04-12T20:14:32,2026-04-12T17:53:37,True
2026-04-13,238674,Scone,105,NSW,AUS,SCNE,,"+5m 1000-400m, True Remainder of Course",A,True,,2026-04-13T13:54:03,2026-04-13T13:54:00,True
2026-04-13,238695,Longreach,210,QLD,AUS,LRCH,,True,A,True,,2026-04-13T10:01:45,2026-04-13T08:14:40,True
2026-04-13,238720,Seymour,326,VIC,AUS,SEYM,,True Entire Circuit,A,True,,2026-04-13T13:02:39,2026-04-13T07:16:10,True
2026-04-13,238687,Sapphire Coast,1022,NSW,AUS,SAPH,,+3m 800m - W/Post,A,True,,2026-04-13T10:04:43,2026-04-13T08:25:13,True
2026-04-14,238715,Ballina,108,NSW,AUS,BLNA,,"+5m 1000m -250m cutaway applies, true remainder",A,True,,2026-04-14T10:03:40,2026-04-14T07:56:19,True
2026-04-14,238716,Hawkesbury,128,NSW,AUS,HAWK,,"+5m 1100 - 450m, True remainder",A,True,,2026-04-14T15:10:10,2026-04-14T15:09:57,True
2026-04-14,238714,Townsville,251,QLD,AUS,TOWN,,+5.5m 1000-W/Post; +3m Remainder,A,True,,2026-04-14T10:04:59,2026-04-14T08:13:46,True
2026-04-14,238717,Donald,292,VIC,AUS,DON,,True Entire Circuit,A,True,,2026-04-14T13:09:47,2026-04-13T10:42:40,True
2026-04-15,238774,Warwick Farm,126,NSW,AUS,W FM,,+3m Entire,A,True,,2026-04-15T10:02:22,2026-04-15T07:41:48,True
2026-04-15,238773,Doomben,171,QLD,AUS,DOOM,,+7m Entire,A,True,,2026-04-15T10:03:19,2026-04-15T08:10:03,True
2026-04-15,238780,Balaklava,342,SA,AUS,BKVA,,True,A,True,,2026-04-15T17:26:57,2026-04-15T17:26:54,True
2026-04-15,238772,Matamata,460,NZ,NZ,MATA,,True,A,True,,2026-04-15T10:06:22,2026-04-15T08:10:03,False
2026-04-15,238785,Happy Valley,942,HK,HK,H V,,True,A,True,,2026-04-15T17:05:30,2026-04-15T06:55:56,True
2026-04-15,238781,Sandown-Lakeside,1079,VIC,AUS,SANL,,Out 7m Entire Circuit,A,True,,2026-04-15T10:02:49,2026-04-14T06:54:53,True
2026-04-15,238786,Pinjarra Scarpside,1154,WA,AUS,PINS,,+4m Entire,A,True,,2026-04-15T17:33:08,2026-04-15T17:33:04,True
2026-04-16,238799,Armidale,60,NSW,AUS,ARMD,,True,A,True,,2026-04-17T09:12:46,2026-04-16T15:01:28,True
2026-04-16,238801,Wyong,106,NSW,AUS,WYNG,,True,A,True,,2026-04-17T09:37:17,2026-04-15T16:21:20,True
2026-04-16,238800,Ipswich,144,QLD,AUS,IPSW,,+6 metres Entire,A,True,,2026-04-17T09:27:59,2026-04-16T09:52:51,True
2026-04-16,238807,Echuca,295,VIC,AUS,ECHA,,True Entire Circuit,A,True,,2026-04-17T09:22:50,2026-04-16T17:05:18,True
2026-04-16,238790,Albany,378,WA,AUS,ABNY,,+6m Entire,A,True,,2026-04-17T09:09:20,2026-04-16T10:09:30,True
2026-04-16,238797,Ashburton,485,NZ,NZ,ASH,,Out 3m,A,True,,2026-04-17T09:16:22,2026-04-16T09:52:51,False
2026-04-16,238804,Pakenham,1134,VIC,AUS,PAKM,,True Entire Circuit,A,True,,2026-04-17T09:33:09,2026-04-16T04:45:08,True
2026-04-17,238819,Canberra,17,ACT,AUS,CANB,,True,A,True,,2026-04-17T16:19:07,2026-04-17T16:18:55,True
2026-04-17,238821,Orange,92,NSW,AUS,ORAN,,+3.5m 500m-300m Cutaway Applies,A,True,,2026-04-17T15:05:56,2026-04-17T15:05:52,True
2026-04-17,238820,Mackay,211,QLD,AUS,MKAY,,True,A,True,,2026-04-17T12:10:25,2026-04-17T12:10:23,True
2026-04-17,238824,Cranbourne,290,VIC,AUS,CRAN,,True Entire Circuit,A,True,,2026-04-17T19:10:04,2026-04-17T19:10:02,True
2026-04-17,238823,Stawell,329,VIC,AUS,STAW,,"Out 3m 800m - 300m, True Remainder",A,True,,2026-04-17T17:06:32,2026-04-17T17:06:30,True
2026-04-17,238809,Launceston,370,TAS,AUS,LAUN,,"+9m 1200m-W/Post, +7m Remainder",A,True,,2026-04-17T16:50:21,2026-04-17T16:50:19,True
2026-04-17,238798,Te Rapa,459,NZ,NZ,WAIK,,Out 9m,A,True,,2026-04-17T13:16:22,2026-04-17T13:16:15,False
2026-04-17,238802,Hawera,463,NZ,NZ,HWRA,,Out 4m,A,True,,2026-04-17T11:57:04,2026-04-17T11:57:02,False
2026-04-18,238850,Dubbo,52,NSW,AUS,DUBB,,True,A,True,,2026-04-18T13:32:02,2026-04-18T13:32:01,True
2026-04-18,238844,Kembla Grange,120,NSW,AUS,K GR,,True,A,True,,2026-04-18T15:49:39,2026-04-17T04:45:42,True
2026-04-18,238825,Randwick,125,NSW,AUS,RAND,,"+7m 1000m-W/Post, +5m Remainder",A,True,,2026-04-18T15:06:04,2026-04-18T15:06:01,True
2026-04-18,238826,Eagle Farm,178,QLD,AUS,E FM,,+1m Entire,A,True,,2026-04-18T10:42:46,2026-04-18T10:42:40,True
2026-04-18,238852,Home Hill,196,QLD,AUS,HOME,,True,A,True,,2026-04-18T10:42:46,2026-04-18T10:42:40,True
2026-04-18,238843,Gold Coast,240,QLD,AUS,GCST,,+9m 900m-W/Post; +5m Remainder,A,True,,2026-04-18T10:29:45,2026-04-18T08:32:32,True
2026-04-18,238847,Kilmore,306,VIC,AUS,KILM,,True Entire Circuit,A,True,,2026-04-18T15:49:39,2026-04-18T07:17:45,True
2026-04-18,238831,Mornington,315,VIC,AUS,MORN,,True Entire Circuit,A,True,,2026-04-18T10:04:30,2026-04-18T08:18:14,True
2026-04-18,238836,Ascot,428,WA,AUS,ASCT,,+5m Entire,A,True,,2026-04-18T14:15:57,2026-04-18T14:15:55,True
2026-04-18,238830,Pioneer Park,432,NT,AUS,ALSP,,True,A,True,,2026-04-18T17:18:17,2026-04-18T17:18:15,True
2026-04-18,238818,Ellerslie,434,NZ,NZ,ELLS,,True,A,True,,2026-04-18T10:28:20,2026-04-18T08:18:14,False
2026-04-18,238816,Wanganui,469,NZ,NZ,WGUI,,Out 4m,A,True,,2026-04-18T12:16:20,2026-04-18T12:16:18,False
2026-04-18,238848,Tuncurry,1117,NSW,AUS,TUNC,,"+1.5m 550m-300m, True Remainder",A,True,,2026-04-18T13:39:26,2026-04-18T13:39:25,True
2026-04-18,238822,Morphettville Parks,1119,SA,AUS,MRPK,,True,A,True,,2026-04-18T11:09:02,2026-04-18T10:42:40,True
2026-04-19,238842,Grafton,110,NSW,AUS,GRAF,,True,A,True,,2026-04-19T15:16:13,2026-04-19T15:16:11,True
2026-04-19,238854,Sunshine Coast,155,QLD,AUS,SCST,,True,A,True,,2026-04-19T17:09:59,2026-04-19T17:09:57,True
2026-04-19,238864,Sale,325,VIC,AUS,SALE,,Out 8m Entire Circuit,A,True,,2026-04-19T15:12:34,2026-04-19T15:12:32,True
2026-04-19,238853,Naracoorte,357,SA,AUS,NARA,,+2m 800m-600m,A,True,,2026-04-19T10:05:33,2026-04-19T10:05:29,True
2026-04-19,238865,Geraldton,391,WA,AUS,GTON,,+1m Entire,A,True,,2026-04-19T15:02:26,2026-04-19T10:27:56,True
2026-04-19,238846,Wagga,509,NSW,AUS,WAGG,,+4m 1400m-W/Post; True Remainder,A,True,,2026-04-19T10:06:35,2026-04-19T08:11:45,True
2026-04-19,238817,Ascot Park,512,NZ,NZ,ASPK,,Out 3m,A,True,,2026-04-19T10:02:12,2026-04-19T08:11:45,False
2026-04-19,238866,Sha Tin,899,HK,HK,SHAT,,"Out 12m, Awt (True)",A,True,,2026-04-19T18:57:45,2026-04-19T18:57:42,True
2026-04-20,238849,Muswellbrook,102,NSW,AUS,MWBK,,+2m 1200m-300m Cutaway Applies,A,True,,2026-04-20T10:02:11,2026-04-20T09:09:11,True
2026-04-20,238889,Wodonga,335,VIC,AUS,WOD,,True Entire Circuit,A,True,,2026-04-20T14:12:00,2026-04-20T14:11:58,True
2026-04-21,238881,Taree,101,NSW,AUS,TAR,,+3m Entire,A,True,,2026-04-21T11:22:20,2026-04-21T11:22:01,True
2026-04-21,238891,Queanbeyan,123,NSW,AUS,QBYN,,True,A,True,,2026-04-21T11:22:20,2026-04-21T11:22:01,True
2026-04-21,238880,Townsville,251,QLD,AUS,TOWN,,+7.5m 1000-W/Post; +3m Remainder,A,True,,2026-04-21T16:30:07,2026-04-21T16:30:05,True
2026-04-21,238892,Swan Hill,323,VIC,AUS,SW H,,True Entire Circuit,A,True,,2026-04-21T13:42:37,2026-04-21T13:42:35,True
2026-04-22,238941,Canterbury,127,NSW,AUS,CANT,,True,A,True,,2026-04-22T10:16:20,2026-04-22T10:16:11,True
2026-04-22,238944,Doomben,171,QLD,AUS,DOOM,,+9.5m Entire,A,True,,2026-04-22T10:03:43,2026-04-22T08:52:16,True
2026-04-22,238943,Geelong,297,VIC,AUS,GEEL,,Out 6m Entire Circuit,A,True,,2026-04-22T13:39:22,2026-04-22T13:39:21,True
2026-04-22,238952,Ascot,428,WA,AUS,ASCT,,+14m with a cutaway,A,True,,2026-04-22T13:28:26,2026-04-22T13:28:24,True
2026-04-22,238940,Arawa Park,511,NZ,NZ,ARPK,,"Out 3m from 1560m to 1300m, Remainder Out 5.5m",A,True,,2026-04-22T10:01:13,2026-04-22T07:57:38,False
2026-04-22,238951,Happy Valley,942,HK,HK,H V,,Out 4m,A,True,,2026-04-22T15:02:32,2026-04-22T06:55:33,True
2026-04-22,238942,Murray Bridge GH,1151,SA,AUS,MUBR,,+6m Entire,A,True,,2026-04-22T11:38:56,2026-04-22T11:38:54,True
2026-04-23,238965,Albury,2,NSW,AUS,ALB,,True,A,True,,2026-04-23T13:24:10,2026-04-23T13:24:08,True
2026-04-23,238969,Newcastle,103,NSW,AUS,NCLE,,True,A,True,,2026-04-23T13:50:18,2026-04-21T15:24:41,True
2026-04-23,238966,Ipswich,144,QLD,AUS,IPSW,,+8m Entire,A,True,,2026-04-23T13:25:03,2026-04-23T13:24:50,True
2026-04-23,238974,Kyneton,308,VIC,AUS,KYNE,,"Out 8m 800m - 400m, Out 6m Remainder",A,True,,2026-04-23T10:04:20,2026-04-23T09:00:56,True
2026-04-23,238957,Narrogin,409,WA,AUS,NGIN,,True,A,True,,2026-04-23T17:36:03,2026-04-23T17:36:01,True
2026-04-23,238970,Pakenham,1134,VIC,AUS,PAKM,,Out 6m Entire Circuit,A,True,,2026-04-23T15:03:28,2026-04-23T11:58:08,True
2026-04-24,238994,Tamworth,72,NSW,AUS,TAMW,,True Entire,A,True,,2026-04-24T10:05:53,2026-04-24T08:52:13,True
2026-04-24,238992,Coffs Harbour,109,NSW,AUS,COFF,,True,A,True,,2026-04-24T15:26:46,2026-04-24T15:26:40,True
2026-04-24,238991,Rockhampton,238,QLD,AUS,ROCK,,+6 metres Entire Course.,A,True,,2026-04-24T10:05:15,2026-04-22T09:52:56,True
2026-04-24,239011,Werribee,277,VIC,AUS,WERR,,Out 6m Entire Circuit,A,True,,2026-04-24T12:51:25,2026-04-23T16:02:22,True
2026-04-24,239012,Cranbourne,290,VIC,AUS,CRAN,,Out 9m Entire Circuit,A,True,,2026-04-24T15:03:01,2026-04-24T11:13:49,True
2026-04-24,238995,Gawler,347,SA,AUS,GAWL,,True,A,True,,2026-04-24T10:13:04,2026-04-24T10:12:59,True
2026-04-24,239009,Fannie Bay,429,NT,AUS,DRWN,,True,A,True,,2026-04-24T15:38:00,2026-04-24T15:37:58,True
2026-04-24,238967,Otaki,534,NZ,NZ,OTAK,,Out 5m,A,True,,2026-04-24T14:18:06,2026-04-24T14:18:04,False
2026-04-25,239043,Bathurst,93,NSW,AUS,BATH,,True,A,True,,2026-04-25T10:45:49,2026-04-25T08:05:40,True
2026-04-25,239047,Gosford,107,NSW,AUS,GOSF,,+5m Entire,A,True,,2026-04-25T16:03:00,2026-04-25T16:02:58,True
2026-04-25,238996,Randwick,125,NSW,AUS,RAND,,"+10m 1000m-W/Post, +8m Remainder",A,True,,2026-04-25T12:44:16,2026-04-25T12:44:14,True
2026-04-25,239034,Beaudesert,139,QLD,AUS,BDST,,True Entire,A,True,,2026-04-25T16:17:17,2026-04-25T16:17:15,True
2026-04-25,239031,Sunshine Coast,155,QLD,AUS,SCST,,+2m Entire,A,True,,2026-04-25T16:54:24,2026-04-25T16:54:22,True
2026-04-25,239044,Dalby,173,QLD,AUS,DALB,,+2m 500m-300m; True Remainder,A,True,,2026-04-25T10:19:14,2026-04-25T10:19:12,True
2026-04-25,239010,Eagle Farm,178,QLD,AUS,E FM,,+3m Entire,A,True,,2026-04-25T14:22:16,2026-04-25T14:22:14,True
2026-04-25,239040,Toowoomba,258,QLD,AUS,TWBA,,+3m Entire,A,True,,2026-04-25T15:03:06,2026-04-25T09:52:14,True
2026-04-25,239019,Flemington,269,VIC,AUS,FLEM,,True Entire Circuit,A,True,,2026-04-25T13:57:07,2026-04-23T08:24:34,True
2026-04-25,239048,Moe,314,VIC,AUS,MOE,,True Entire Circuit,A,True,,2026-04-25T10:57:40,2026-04-25T10:57:37,True
2026-04-25,238968,Morphettville,339,SA,AUS,MORP,,True,A,True,,2026-04-25T10:04:52,2026-04-25T08:46:17,True
2026-04-25,239023,Kalgoorlie,384,WA,AUS,KALG,,+5m Entire,A,True,,2026-04-25T17:14:16,2026-04-25T17:14:14,True
2026-04-25,239022,Ascot,428,WA,AUS,ASCT,,+7m Entire,A,True,,2026-04-25T15:02:02,2026-04-25T10:34:44,True
2026-04-25,239013,Pioneer Park,432,NT,AUS,ALSP,,True,A,True,,2026-04-25T15:32:25,2026-04-25T15:32:22,True
2026-04-25,238990,Te Rapa,459,NZ,NZ,WAIK,,True,A,True,,2026-04-25T14:52:27,2026-04-25T14:52:26,False
2026-04-25,238989,Riccarton Park,487,NZ,NZ,RICC,,True ,A,True,,2026-04-25T13:04:39,2026-04-25T13:04:36,False
2026-04-26,239035,Port Macquarie,98,NSW,AUS,P MQ,,True,A,True,,2026-04-26T12:44:49,2026-04-26T12:44:27,True
2026-04-26,239062,Gatton,187,QLD,AUS,GATT,,+1m 700m-400m,A,True,,2026-04-26T14:51:45,2026-04-26T14:51:43,True
2026-04-26,239050,Seymour,326,VIC,AUS,SEYM,,"Out 4m 1000m - WP, True Remainder",A,True,,2026-04-26T12:44:49,2026-04-26T12:44:27,True
2026-04-26,239037,Port Augusta,360,SA,AUS,PT A,,True,A,True,,2026-04-26T15:25:54,2026-04-26T15:25:49,True
2026-04-26,239008,Hobart,369,TAS,AUS,HOB,,+7m Entire,A,True,,2026-04-26T12:44:49,2026-04-26T12:44:27,True
2026-04-26,239068,Albany,378,WA,AUS,ABNY,,+3m Entire,A,True,,2026-04-26T12:44:49,2026-04-26T12:44:27,True
2026-04-26,239042,Narromine,447,NSW,AUS,NMNE,,+4m 900m-300m; True Remainder,A,True,,2026-04-26T12:44:49,2026-04-26T12:44:27,True
2026-04-26,238993,Waipukurau,546,NZ,NZ,WIPK,,True,A,True,,2026-04-26T12:44:49,2026-04-24T08:41:59,False
2026-04-26,239070,Sha Tin,899,HK,HK,SHAT,,True,A,True,,2026-04-26T12:44:49,2026-04-26T12:44:27,True
2026-04-26,239024,Rockingham,1174,WA,AUS,RHAM,,+3m Entire,A,True,,2026-04-26T16:35:25,2026-04-26T16:35:23,False
2026-04-27,239039,Goulburn,119,NSW,AUS,GOUL,,+5m Entire,A,True,,2026-04-27T16:15:04,2026-04-27T16:15:00,True
2026-04-27,239061,Thangool,256,QLD,AUS,THAN,,True,A,True,,2026-04-27T14:59:57,2026-04-27T14:59:55,True
2026-04-27,239114,Horsham,304,VIC,AUS,HSHM,,True Entire Circuit,A,True,,2026-04-27T14:53:24,2026-04-27T14:53:21,True
2026-04-27,239041,Ellerslie,434,NZ,NZ,ELLS,,Out 3m,A,True,,2026-04-27T08:16:39,2026-04-27T08:16:35,False
2026-04-27,239036,Wingatui,495,NZ,NZ,OTAG,,"Out 3m from 1900m to 900m, Out 6m from the 900m to 350m, Remainder True",A,True,,2026-04-27T10:08:05,2026-04-27T10:08:02,False
2026-04-27,239045,Randwick-Kensington,1066,NSW,AUS,KENS,,+2m Entire,A,True,,2026-04-27T10:02:07,2026-04-27T09:40:37,True
2026-04-27,239067,Pinjarra Scarpside,1154,WA,AUS,PINS,,+6m Entire,A,True,,2026-04-27T10:08:22,2026-04-27T10:08:20,True
2026-04-28,239112,Quirindi,71,NSW,AUS,QUIR,,True,A,True,,2026-04-28T10:04:10,2026-04-28T07:45:00,True
2026-04-28,239115,Ballina,108,NSW,AUS,BLNA,,True,A,True,,2026-04-28T07:16:34,2026-04-28T06:55:13,False
2026-04-28,239113,Warwick,261,QLD,AUS,WARW,,True,A,True,,2026-04-28T13:14:24,2026-04-24T12:51:21,True
2026-04-28,239116,Mornington,315,VIC,AUS,MORN,,Out 3m Entire Circuit,A,True,,2026-04-28T16:46:20,2026-04-27T08:16:35,True
2026-04-29,239177,Kembla Grange,120,NSW,AUS,K GR,,"+3m 1100m-W/Post, True Remainder",A,True,,2026-04-29T11:04:51,2026-04-29T09:57:34,True
2026-04-29,239179,Ipswich,144,QLD,AUS,IPSW,,+10m Entire Course.,A,True,,2026-04-29T14:05:02,2026-04-28T15:24:07,True
2026-04-29,239178,Strathalbyn,365,SA,AUS,SBYN,,True,A,True,,2026-04-29T17:19:34,2026-04-29T17:19:31,True
2026-04-29,239185,Ascot,428,WA,AUS,ASCT,,+16m with a cutaway,A,True,,2026-04-29T15:02:04,2026-04-29T10:26:00,True
2026-04-29,239176,Woodville,508,NZ,NZ,WVIL,,True,A,True,,2026-04-29T10:06:20,2026-04-29T04:44:43,False
2026-04-29,239186,Happy Valley,942,HK,HK,H V,,Out 8m,A,True,,2026-04-29T15:02:24,2026-04-29T13:40:54,True
2026-04-29,239180,Caulfield Heath,1163,VIC,AUS,CAUH,,Out 3m Entire Circuit,A,True,,2026-04-29T13:29:27,2026-04-28T11:03:32,True
2026-04-30,239204,Wyong,106,NSW,AUS,WYNG,,+3m Entire,A,True,,2026-04-30T14:45:45,2026-04-29T17:02:49,True
2026-04-30,239200,Townsville,251,QLD,AUS,TOWN,,+2m 1000-W/Post; +4m Remainder of Course.,A,True,,2026-04-30T11:04:28,2026-04-30T11:04:26,True
2026-04-30,239201,Ballarat,279,VIC,AUS,BRAT,,True Entire Circuit,A,True,,2026-04-30T15:22:22,2026-04-30T15:22:18,True
2026-04-30,239188,Geraldton,391,WA,AUS,GTON,,+4m entire,A,True,,2026-04-30T18:11:48,2026-04-30T18:11:46,True
2026-04-30,239207,Wagga,509,NSW,AUS,WAGG,,True,A,True,,2026-04-30T12:53:43,2026-04-30T12:53:40,True
2026-04-30,239198,Riccarton Park Synthetic,1157,NZ,NZ,RSYN,,True,A,True,,2026-04-30T08:11:19,2026-04-30T08:11:15,False
2026-05-01,239220,Muswellbrook,102,NSW,AUS,MWBK,,4m from 1200m - 300m where cutaway applies,A,True,,2026-05-01T13:04:17,2026-05-01T13:04:13,True
2026-05-01,239222,Sunshine Coast,155,QLD,AUS,SCST,,+4m Entire,A,True,,2026-05-01T07:58:01,2026-05-01T07:08:54,False
2026-05-01,239221,Mackay,211,QLD,AUS,MKAY,,True,A,True,,2026-05-01T10:04:51,2026-05-01T08:03:33,True
2026-05-01,239238,Geelong,297,VIC,AUS,GEEL,,"Out 8m 1700m - 800m, Out 10m Remainder",A,True,,2026-05-01T10:22:27,2026-05-01T10:22:23,True
2026-05-01,239223,Bordertown,343,SA,AUS,BORD,,True,A,True,,2026-05-01T15:54:45,2026-05-01T15:54:41,True
2026-05-01,239203,Pukekohe Park,436,NZ,NZ,FRAN,,Out 4m,A,True,,2026-05-01T14:32:27,2026-05-01T14:32:24,False
2026-05-01,239208,Wagga,509,NSW,AUS,WAGG,,True,A,True,,2026-05-01T10:09:22,2026-05-01T08:29:39,True
2026-05-01,239225,Pakenham,1134,VIC,AUS,PAKM,,Out 9m Entire Circuit,A,True,,2026-05-01T17:18:36,2026-05-01T17:18:28,True
2026-05-01,239288,Sunshine Coast Poly,1156,QLD,AUS,SCPT,,True,A,True,,2026-05-01T15:03:33,2026-05-01T09:58:28,True
2026-05-02,239260,Newcastle,103,NSW,AUS,NCLE,,+11m Entire Course,A,True,,2026-05-02T10:01:56,2026-05-02T09:16:20,True
2026-05-02,239256,Casino,111,NSW,AUS,CSNO,,True,A,True,,2026-05-02T07:47:07.747,2026-05-02T07:47:03,False
2026-05-02,239233,Hawkesbury,128,NSW,AUS,HAWK,,True,A,True,,2026-05-02T13:26:11,2026-05-02T13:26:09,True
2026-05-02,239273,Barcaldine,143,QLD,AUS,BARC,,True Entire Course.,A,True,,2026-05-02T14:04:11,2026-05-02T14:04:09,True
2026-05-02,239232,Eagle Farm,178,QLD,AUS,E FM,,5 metres Entire Course.,A,True,,2026-05-02T10:03:48,2026-05-02T08:23:58,True
2026-05-02,239262,Toowoomba,258,QLD,AUS,TWBA,,1.5 metre Entire Course,A,True,,2026-05-02T19:09:49,2026-05-02T19:09:46,True
2026-05-02,239242,Bendigo,282,VIC,AUS,BDGO,,True Entire Circuit,A,True,,2026-05-02T14:52:27,2026-05-02T14:52:24,True
2026-05-02,239263,Donald,292,VIC,AUS,DON,,True Entire Circuit,A,True,,2026-05-02T13:17:36,2026-05-02T13:17:33,True
2026-05-02,239202,Morphettville,339,SA,AUS,MORP,,+3m Entire,A,True,,2026-05-02T14:59:37,2026-05-02T14:59:34,True
2026-05-02,239251,Ascot,428,WA,AUS,ASCT,,+9m Entire,A,True,,2026-05-02T10:17:17,2026-05-02T10:17:14,True
2026-05-02,239240,Pioneer Park,432,NT,AUS,ALSP,,True,A,True,,2026-05-02T11:03:17,2026-05-02T09:16:20,True
2026-05-02,239218,Te Rapa,459,NZ,NZ,WAIK,,Out 3m,A,True,,2026-05-02T11:04:06,2026-05-02T08:36:39,False
2026-05-02,239217,Riccarton Park,487,NZ,NZ,RICC,,"Out 2.5m from 1100m to 600m, Remainder True",A,True,,2026-05-02T08:36:49,2026-05-02T08:36:39,False
2026-05-02,239264,Gold Coast Poly,1158,QLD,AUS,GCPT,,True Entire Course,A,True,,2026-05-02T11:08:45,2026-05-02T11:08:42,True
2026-05-03,239277,Dubbo,52,NSW,AUS,DUBB,,"+2m 900m-400m, True Remainder",A,True,,2026-05-03T10:08:50,2026-05-03T10:08:44,True
2026-05-03,239276,Rockhampton,238,QLD,AUS,ROCK,,+2m Entire,A,True,,2026-05-03T12:55:04,2026-05-03T08:27:27,False
2026-05-03,239265,Sale,325,VIC,AUS,SALE,,True Entire Circuit,A,True,,2026-05-03T13:36:04,2026-05-03T13:36:02,True
2026-05-03,239280,Wangaratta,334,VIC,AUS,WANG,,"Out 3m 400m - WP, True Remainder",A,True,,2026-05-03T16:23:51,2026-05-02T08:36:39,True
2026-05-03,239278,Northam,413,WA,AUS,NTHM,,+1m Entire,A,True,,2026-05-03T16:30:06,2026-05-03T16:30:03,True
2026-05-03,239219,Tauherenikau,474,NZ,NZ,WAIR,,True,A,True,,2026-05-03T12:17:22,2026-05-03T12:17:20,False
2026-05-03,239281,Sha Tin,899,HK,HK,SHAT,,Out 4.5m,A,True,,2026-05-03T20:02:39,2026-05-03T20:02:36,True
2026-05-03,239257,Sapphire Coast,1022,NSW,AUS,SAPH,,+3m 800m to winning post,A,True,,2026-05-03T10:19:44,2026-05-03T08:01:46,True
2026-05-03,239224,Devonport Synthetic,1126,TAS,AUS,DEVS,,True,A,True,,2026-05-03T11:46:07,2026-05-03T11:46:05,True
2026-05-04,239258,Gunnedah,66,NSW,AUS,GUNN,,True,A,True,,2026-05-04T12:03:09,2026-05-04T10:14:57,False
2026-05-04,239261,Grafton,110,NSW,AUS,GRAF,,+ 5 entire,A,True,,2026-05-04T07:22:14.907,2026-05-04T07:22:10,False
2026-05-04,239275,Ipswich,144,QLD,AUS,IPSW,,True Entire Course.,A,True,,2026-05-04T15:51:58,2026-05-04T15:51:55,True
2026-05-04,239298,Kilmore,306,VIC,AUS,KILM,,True Entire Circuit,A,True,,2026-05-04T10:56:01,2026-05-04T10:55:58,True
2026-05-04,239274,Pioneer Park,432,NT,AUS,ALSP,,True,A,True,,2026-05-04T11:39:32,2026-05-04T11:39:28,True
2026-05-05,239289,Taree,101,NSW,AUS,TAR,,+3m Entire,A,True,,2026-05-05T13:11:51,2026-05-04T15:54:05,True
2026-05-05,239355,Rockhampton,238,QLD,AUS,ROCK,,+2m Entire,A,True,,2026-05-05T13:11:51,2026-05-05T13:11:25,False
2026-05-05,239301,Illawarra Grange,1176,NSW,AUS,ILGR,,True,A,True,,2026-05-05T13:30:07,2026-05-05T13:30:04,False
2026-05-06,239380,Grafton,110,NSW,AUS,GRAF,,+ 5m entire,A,True,,2026-05-06T07:31:48.54,2026-05-06T07:31:43,False
2026-05-06,239368,Warwick Farm,126,NSW,AUS,W FM,,"+5m 1000m-WPost, +3m Remainder",A,True,,2026-05-06T10:20:33,2026-05-06T10:20:31,True
2026-05-06,239370,Eagle Farm,178,QLD,AUS,E FM,,12 metres Entire Course.,A,True,,2026-05-06T14:31:12,2026-05-06T14:31:10,True
2026-05-06,239381,Ascot,428,WA,AUS,ASCT,,True,A,True,,2026-05-06T15:02:19,2026-05-06T09:35:24,True
2026-05-06,239367,Ellerslie,434,NZ,NZ,ELLS,,Out 9m,A,True,,2026-05-06T10:04:27,2026-05-06T08:10:25,False
2026-05-06,239385,Sha Tin,899,HK,HK,SHAT,,True,A,True,,2026-05-06T15:02:48,2026-05-06T06:56:05,True
2026-05-06,239369,Murray Bridge GH,1151,SA,AUS,MUBR,,"+11m from 900m to W/P & 1200m Chute, +9m Remainder",A,True,,2026-05-06T16:54:39,2026-05-06T16:54:36,True
2026-05-07,239394,Wyong,106,NSW,AUS,WYNG,,True,A,True,,2026-05-07T14:04:46,2026-05-07T14:04:43,True
2026-05-07,239395,Goulburn,119,NSW,AUS,GOUL,,+5m Entire,A,True,,2026-05-07T15:01:06,2026-05-07T15:01:02,True
2026-05-07,239393,Warwick,261,QLD,AUS,WARW,,True Entire Course.,A,True,,2026-05-07T16:28:13,2026-05-07T16:28:06,True
2026-05-07,239387,Albany,378,WA,AUS,ABNY,,+6m Entire,A,True,,2026-05-07T15:02:41,2026-05-07T10:51:32,True
2026-05-08,239412,Canberra,17,ACT,AUS,CANB,,"+3m 1000m-380m, true remainder",A,True,,2026-05-08T10:05:16,2026-05-08T10:05:08,False
2026-05-08,239419,Coffs Harbour,109,NSW,AUS,COFF,,"+3m 1000m-350m, True Remainder",A,True,,2026-05-08T12:55:24,2026-05-08T12:55:21,False
2026-05-08,239422,Townsville,251,QLD,AUS,TOWN,,+2m 1000-W/Post; +4m Remainder of Course.,A,True,,2026-05-08T13:43:32,2026-05-08T13:43:27,False
2026-05-08,239411,Port Augusta,360,SA,AUS,PT A,,True,A,True,,2026-05-08T14:17:02,2026-05-08T14:16:58,False
2026-05-08,239392,Riverton,501,NZ,NZ,RIVN,,True,A,True,,2026-05-08T12:02:17,2026-05-08T12:02:14,False
2026-05-08,239425,Pakenham,1134,VIC,AUS,PAKM,,True Entire Circuit,A,True,,2026-05-08T17:16:48,2026-05-08T17:16:45,False
2026-05-09,239413,Gosford,107,NSW,AUS,GOSF,,True,A,True,,2026-05-09T10:09:48,2026-05-07T11:13:58,False
2026-05-09,239442,Kembla Grange,120,NSW,AUS,K GR,,"+5m 1100m-W/Post, +3m Remainder",A,True,,2026-05-09T10:11:47,2026-05-09T08:04:01,False
2026-05-09,239436,Ipswich,144,QLD,AUS,IPSW,,+2m Entire,A,True,,2026-05-09T10:50:14,2026-05-09T10:50:09,False
2026-05-09,239423,Gold Coast,240,QLD,AUS,GCST,,True,A,True,,2026-05-09T13:26:52,2026-05-09T13:26:48,False
2026-05-09,239434,Toowoomba,258,QLD,AUS,TWBA,,True Entire Course.,A,True,,2026-05-09T20:49:02,2026-05-09T20:49:00,False
2026-05-09,239417,Caulfield,271,VIC,AUS,CAUL,,Out 12m Entire Circuit,A,True,,2026-05-09T10:23:53,2026-05-09T10:23:50,False
2026-05-09,239451,Ararat,275,VIC,AUS,ARAT,,True Entire Circuit,A,True,,2026-05-09T12:54:02,2026-05-09T12:54:00,False
2026-05-09,239396,Morphettville,339,SA,AUS,MORP,,"+9m 2100-1900, +7m Remainder Sectional 609m",A,True,,2026-05-09T10:39:12,2026-05-07T16:28:06,False
2026-05-09,239426,Port Hedland,418,WA,AUS,PT H,,True,A,True,,2026-05-09T15:02:02,2026-05-09T11:04:52,False
2026-05-09,239428,Ascot,428,WA,AUS,ASCT,,+3m Entire,A,True,,2026-05-09T10:50:00,2026-05-09T10:39:07,False
2026-05-09,239416,Fannie Bay,429,NT,AUS,DRWN,,True,A,True,,2026-05-09T15:01:43,2026-05-09T06:56:56,False
2026-05-09,239408,Waverley,473,NZ,NZ,WAVE,,True,A,True,,2026-05-09T09:28:16,2026-05-07T04:45:03,False
2026-05-09,239407,Arawa Park,511,NZ,NZ,ARPK,,True,A,True,,2026-05-09T09:27:48,2026-05-09T09:15:09,False
2026-05-09,239455,Sha Tin,899,HK,HK,SHAT,,Out 9m,A,True,,2026-05-09T11:58:08,2026-05-09T06:56:56,True
2026-05-09,239431,Tuncurry,1117,NSW,AUS,TUNC,,+1.5m 550m-300m; True Remainder,A,True,,2026-05-09T14:09:21,2026-05-09T14:09:18,False
2026-05-10,239437,Moruya,25,NSW,AUS,MRYA,Turf,True,A,True,,2026-05-10T10:06:20,2026-05-10T08:17:21,False
2026-05-10,239438,Mudgee,91,NSW,AUS,MDGE,Turf,True,A,True,,2026-05-10T13:38:12.003,2026-05-10T13:38:10,False
2026-05-10,239448,Bowen,151,QLD,AUS,BOWN,Turf,True Entire Course.,A,True,,2026-05-10T10:04:05,2026-05-10T09:12:26,False
2026-05-10,239454,Sunshine Coast,155,QLD,AUS,SCST,Turf,+4 metres Entire Course.,A,True,,2026-05-10T12:32:42.28,2026-05-10T12:32:39,False
2026-05-10,239445,Ballarat,279,VIC,AUS,BRAT,Turf,Out 4m Entire Circuit,A,True,,2026-05-10T07:23:23.05,2026-05-10T07:23:17,False
2026-05-10,239441,Mornington,315,VIC,AUS,MORN,Turf,Out 5m Entire Circuit,A,True,,2026-05-10T10:08:54.047,2026-05-08T17:50:44,False
2026-05-10,239414,Hobart,369,TAS,AUS,HOB,Turf,+10m Entire,A,True,,2026-05-10T10:04:33,2026-05-10T08:06:10,False
2026-05-10,239439,Kalgoorlie,384,WA,AUS,KALG,Turf,+3m entire,A,True,,2026-05-10T10:14:06,2026-05-10T10:11:20,False
2026-05-10,239406,Ascot Park,512,NZ,NZ,ASPK,,True,A,True,,2026-05-10T10:03:30,2026-05-10T07:54:56,False
2026-04-10,238621,Tamworth,72,NSW,AUS,TAMW,,True Entire,A,True,,2026-04-10T11:45:06,2026-04-10T07:29:00,True
2026-04-10,238627,Wellington,88,NSW,AUS,WELL,,True,A,True,,2026-04-10T17:19:58,2026-04-10T17:19:52,True
2026-04-10,238623,Gatton,187,QLD,AUS,GATT,,True,A,True,,2026-04-10T11:12:52,2026-04-10T08:59:56,True
2026-04-10,238624,Gold Coast,240,QLD,AUS,GCST,,+7m 900-W/Post; +4 Remainder.,A,True,,2026-04-10T15:31:39,2026-04-10T07:53:22,True
2026-04-10,238631,Cranbourne,290,VIC,AUS,CRAN,,Out 7m Entire Circuit,A,True,,2026-04-10T20:30:04,2026-04-10T20:29:59,True
2026-04-10,238651,Geelong,297,VIC,AUS,GEEL,,Out 3m Entire Circuit,A,True,,2026-04-10T14:19:11,2026-04-10T14:18:14,True
2026-04-10,238622,Launceston,370,TAS,AUS,LAUN,,+3m Entire,A,True,,2026-04-10T15:36:45,2026-04-10T07:24:16,True
2026-04-10,238625,Fannie Bay,429,NT,AUS,DRWN,,True,A,True,,2026-04-10T15:27:57,2026-04-10T08:41:32,True
2026-04-10,238586,Waverley,473,NZ,NZ,WAVE,,"Out 3m WP to 320m Cutaway, Remainder True",A,True,,2026-04-10T11:54:57,2026-04-10T06:58:21,False
2026-04-10,238650,Murray Bridge GH,1151,SA,AUS,MUBR,,True,A,True,,2026-04-10T12:34:22,2026-04-10T12:34:09,True
2026-05-11,239435,Corowa,38,NSW,AUS,COR,Turf,True,A,True,,2026-05-10T19:41:22.217,2026-05-10T19:41:19,False
2026-05-11,239432,Quirindi,71,NSW,AUS,QUIR,Turf,True,A,True,,2026-05-10T18:20:43.11,2026-05-10T18:20:40,False
2026-05-11,239467,Echuca,295,VIC,AUS,ECHA,Turf,True Entire Circuit,A,True,,2026-05-10T20:06:51.64,2026-05-10T20:06:49,False
2026-05-12,239466,Bathurst,93,NSW,AUS,BATH,Turf,True,A,True,,2026-05-10T22:12:13.68,2026-05-10T22:12:06,False
2026-05-12,239465,Taree,101,NSW,AUS,TAR,Turf,+3m Entire,A,True,,2026-05-10T22:04:18,2026-05-10T14:58:08,False
2026-05-12,239468,Moe,314,VIC,AUS,MOE,Turf,Out 5m Entire Circuit,A,True,,2026-05-10T15:09:38.113,2026-05-10T15:09:32,False
2026-05-13,239533,Ipswich,144,QLD,AUS,IPSW,Turf,4 metres Entire Course.,A,True,,2026-05-11T12:16:15,2026-05-11T11:52:59,False
2026-05-13,239536,Bendigo,282,VIC,AUS,BDGO,Turf,Out 5m Entire Circuit,A,True,,2026-05-11T12:43:45.947,2026-05-11T12:43:39,False
2026-05-13,239535,Gawler,347,SA,AUS,GAWL,Turf,"True 1700m - 1500m, +3m Remainder",A,True,,2026-05-11T12:43:34,2026-05-11T10:17:56,False
2026-05-13,239549,Pinjarra,417,WA,AUS,PINJ,Turf,True,A,True,,2026-05-11T12:39:19,2026-05-11T12:39:13,False
2026-05-13,239534,Matamata,460,NZ,NZ,MATA,,Out 4m,A,True,,2026-05-11T12:38:33,2026-05-11T12:22:48,False
2026-05-13,239548,Happy Valley,942,HK,HK,H V,,Out 11m,A,True,,2026-05-11T12:37:54,2026-05-11T11:48:32,False
2026-05-13,239547,Randwick-Kensington,1066,NSW,AUS,KENS,Turf,+5m 900m-WP +3m Remainder,A,True,,2026-05-11T12:43:45.947,2026-05-11T12:43:39,False
2026-05-14,239568,Murwillumbah,113,NSW,AUS,MWBH,Turf,"+1m 1550m-1150m, +2m Remainder",A,True,,2026-05-12T15:07:12,2026-05-12T12:22:48,False
2026-05-14,239570,Hawkesbury,128,NSW,AUS,HAWK,Turf,"+3m 1100 - 450m, True remainder",A,True,,2026-05-12T15:25:39.29,2026-05-12T15:25:22,False
2026-05-14,239564,Mackay,211,QLD,AUS,MKAY,Turf,True,A,True,,2026-05-12T15:06:32,2026-05-12T12:22:48,False
2026-05-14,239565,Werribee,277,VIC,AUS,WERR,Turf,True Entire Circuit,A,True,,2026-05-12T17:10:29,2026-05-12T16:27:00,False
2026-05-14,239552,York,427,WA,AUS,YORK,Turf,True,A,True,,2026-05-12T15:25:39.29,2026-05-12T15:25:22,False
2026-05-14,239563,Riccarton Park Synthetic,1157,NZ,NZ,RSYN,,True,A,True,,2026-05-12T15:07:46,2026-05-12T12:44:28,False
2026-05-16,239611,Scone,105,NSW,AUS,SCNE,Turf,"+3m 1000m - 400m, True Remainder",A,True,,2026-05-13T15:46:44.393,2026-05-13T15:46:39,False
2026-05-16,239604,Doomben,171,QLD,AUS,DOOM,Turf,True Entire Course.,A,True,,2026-05-13T15:41:35.173,2026-05-13T15:41:31,False
2026-05-16,239603,Flemington,269,VIC,AUS,FLEM,Turf,Out 4m Entire Circuit,A,True,,2026-05-13T15:05:45,2026-05-13T14:29:48,False
2026-05-16,239612,Belmont Park,377,WA,AUS,BLMT,Turf,True,A,True,,2026-05-13T16:52:34,2026-05-13T14:29:48,False
2026-05-16,239610,Carnarvon,383,WA,AUS,CARN,Dirt,True,A,True,,2026-05-13T15:18:40,2026-05-13T12:07:11,False
2026-05-16,239596,Tennant Creek,433,NT,AUS,T CK,Sand,True,A,True,,2026-05-13T15:21:10,2026-05-13T14:29:48,False
2026-05-16,239585,Ellerslie,434,NZ,NZ,ELLS,,True,A,True,,2026-05-13T15:19:12,2026-05-13T15:02:22,False
2026-05-16,239584,Otaki,534,NZ,NZ,OTAK,,True,A,True,,2026-05-13T15:19:44,2026-05-13T14:16:53,False
2026-05-16,239593,Morphettville Parks,1119,SA,AUS,MRPK,Turf,True,A,True,,2026-05-13T16:17:51.813,2026-05-13T16:17:48,False
2026-05-15,239586,Albury,2,NSW,AUS,ALB,Turf,True,A,True,,2026-05-13T15:59:09.19,2026-05-13T15:59:06,False
2026-05-15,239587,Scone,105,NSW,AUS,SCNE,Turf,True,A,True,,2026-05-13T15:46:44.393,2026-05-13T15:46:39,False
2026-05-15,239594,Cairns,153,QLD,AUS,CRNS,Turf,True Entire Course.,A,True,,2026-05-13T15:14:51,2026-05-13T14:24:31,False
2026-05-15,239600,Kilmore,306,VIC,AUS,KILM,Turf,"Out 3m 400m - 1600m, Out 5m Remainder",A,True,,2026-05-13T15:15:28,2026-05-13T14:29:48,False
2026-05-15,239574,Albany,378,WA,AUS,ABNY,Turf,True,A,True,,2026-05-13T15:13:32,2026-05-13T13:50:14,False
2026-05-15,239595,Pakenham,1134,VIC,AUS,PAKM,Turf,Out 3m Entire Circuit,A,True,,2026-05-13T15:16:04,2026-05-13T14:29:48,False
2026-05-16,239624,Lismore,112,NSW,AUS,LISM,Turf,+2.5m 950m-300m; +1.5m 300m-W/Post; True Remainder,A,True,,2026-05-15T10:23:43,2026-05-15T08:49:26,False
2026-05-16,239617,Kembla Grange,120,NSW,AUS,K GR,Turf,"+7m 1100m-W/Post, +5m Remainder",A,True,,2026-05-15T10:25:34.64,2026-05-15T10:25:30,False
2026-05-16,239628,Emerald,180,QLD,AUS,EMER,Turf,True Entire Course,A,True,,2026-05-15T10:21:20,2026-05-15T04:45:46,False
2026-05-16,239630,Home Hill,196,QLD,AUS,HOME,Turf,True,A,True,,2026-05-15T10:22:27,2026-05-15T09:15:46,False
2026-05-16,239623,Gold Coast,240,QLD,AUS,GCST,Turf,+8 metres 900-W/Post; +5 metres Remainder.,A,True,,2026-05-15T10:01:15,2026-05-15T07:20:32,False
2026-05-16,239620,Toowoomba,258,QLD,AUS,TWBA,Turf,+3m Entire,A,True,,2026-05-15T10:26:47,2026-05-15T07:32:04,False
2026-05-16,239629,Wodonga,335,VIC,AUS,WOD,Turf,True Entire Circuit,A,True,,2026-05-15T10:27:31,2026-05-15T06:57:03,False
2026-05-16,239646,Gold Coast Poly,1158,QLD,AUS,GCPT,Synthetic,True,A,True,,2026-05-15T11:09:42,2026-05-15T10:34:24,False
